Date and time of measurement,Air Temp,Max Air Temp,Min Air Temp,Relative Humidity,Rainfall,Scalar mean hr. wind speed,Mean hr. wind speed,Average wind direction,Sd ** wind direction,Barometric pressure,Solar Rad***,Max solar Rad***,Min solar Rad***,Sd** solar Rad***,Average ps* active Rad***,Max ps* active Rad***,Min ps* active Rad***,Std** ps* active Rad***,Leaf WT Dry,Leaf WT Wet,Leaf WT Cont
01/16/2021 10:15,23.79,24.41,23.35,73.48,0,0.901,0.81,159.2,21.54,901.1938,659.9,1092,172.7,278.9,843,1374,229.8,362.3,15,0,0
01/16/2021 10:00,23.75,24.38,22.67,73.27,0,1.1,0.895,162.5,30.84,901.1274,801,1075,258.3,225.2,1011,1340,337.5,282.6,15,0,0
01/16/2021 09:45,23.26,24.18,22.7,72.9,0,1.119,0.973,198.7,25.45,901.2261,813,917,469,74.22,1010,1174,522.5,97.3,15,0,0
01/16/2021 09:30,23.55,24.2,22.91,75.2,0,1.095,0.93,152.9,25.79,901.3287,758.5,858,396.5,65.17,947,1069,374.9,87.8,15,0,0
01/16/2021 09:15,21.8,22.93,20.17,82.5,0,0.297,0.216,186,11.38,901.182,835,896,785.5,34.38,1018,1082,963,36.25,15,0,0
01/16/2021 09:00,19.86,20.16,19.76,89.4,0,0.256,0.234,2.36,12.45,901.3112,185.9,856,115.1,138.6,240.7,1038,148.2,173.8,15,0,0
01/16/2021 08:45,20.06,20.38,19.74,88.3,0,0.806,0.74,352.5,16.4,901.2734,166.2,713.9,88.9,167.8,213.5,857,127.3,191,15,0,0
01/16/2021 08:30,20.16,20.58,19.92,87.5,0,0.843,0.789,331.7,18.06,901.2877,219.7,651.6,90.7,151.8,290.1,829,133.6,178.1,15,0,0
01/16/2021 08:15,20.49,20.65,20.33,85.4,0,0.917,0.806,328.9,25.77,901.0901,431.1,578.6,215.7,74.01,571,699.8,272,83.9,15,0,0
01/16/2021 08:00,21.29,21.89,20.55,80.7,0,0.592,0.295,12,26.2,900.9288,434.4,453.6,409.9,12.38,507.9,549.3,465.1,28.6,15,0,0
01/16/2021 07:45,20.94,21.69,20.18,81.3,0,0.766,0.583,165.8,20.26,900.8495,383.4,409.5,358.8,14.57,440.1,465.2,411.6,15.27,15,0,0
01/16/2021 07:30,19.2,20.18,18.78,90,0,0.216,0.174,295.8,9.57,900.729,322.8,358.8,230.8,33.57,372.5,411.7,283.9,33.08,8.25,5.85,0.9
01/16/2021 07:15,18.61,19,18.3,95.7,0,0.276,0.23,335.8,11.08,900.6885,196.7,232.8,163.5,15.42,252.8,300.2,211.3,20.1,0,15,0
01/16/2021 07:00,18.17,18.38,17.83,96.9,0,0.909,0.877,357.8,13.47,900.489,216.5,241.8,174.7,17.46,291.7,323.3,234.2,23.71,0,15,0
01/16/2021 06:45,17.8,17.9,17.68,97,0,0.453,0.43,331.7,15.44,900.3326,85.7,185.6,68.76,22.66,113.6,255.2,92.2,32.22,0,15,0
01/16/2021 06:30,17.63,17.71,17.53,97,0,0.819,0.78,335.5,15.2,900.2563,64.44,68.71,62.99,1.55,85.4,92,80,3.034,0,15,0
01/16/2021 06:15,17.43,17.56,17.34,97,0,0.942,0.92,334.6,11.7,900.0959,46.21,63.37,25,12.22,55.86,79.91,29.17,15.76,0,15,0
01/16/2021 06:00,17.42,17.46,17.36,97,0,0.99,0.963,331.5,9.31,899.7336,10.81,24.86,0,7.85,13,29.14,1.541,8.41,0,15,0
01/16/2021 05:45,17.44,17.49,17.39,97,0,1.332,1.241,348.3,14.88,899.5681,0,0,0,0,0.449,1.541,0,0.407,0,15,0
01/16/2021 05:30,17.48,17.51,17.43,97,0,1.427,1.376,310.7,13.46,899.7728,0,0,0,0,0.045,0.201,0,0.046,0,15,0
01/16/2021 05:15,17.51,17.59,17.46,96.9,0,1.43,1.349,323.5,16.87,899.4046,0,0,0,0,0.035,0.268,0,0.042,0,15,0
01/16/2021 05:00,17.62,17.66,17.56,96.9,0,1.119,1.074,307,15.55,899.2863,0,0,0,0,0.039,0.234,0,0.047,0,15,0
01/16/2021 04:45,17.64,17.71,17.59,96.9,0,1.347,1.278,323.5,18.04,899.3649,0,0,0,0,0.04,0.167,0,0.044,0,15,0
01/16/2021 04:30,17.63,17.7,17.56,96.8,0,1.08,1.033,318.5,16.16,899.5742,0,0,0,0,0.039,0.201,0,0.046,0,15,0
01/16/2021 04:15,17.52,17.58,17.46,96.8,0,1.165,1.137,315.6,12.33,899.3321,0,0,0,0,0.042,0.167,0,0.045,0,15,0
01/16/2021 04:00,17.45,17.48,17.41,96.7,0,1.002,0.972,319.4,13.14,899.2919,0,0,0,0,0.035,0.167,0,0.041,0,15,0
01/16/2021 03:45,17.46,17.56,17.34,96.6,0,1.161,1.13,304.6,13.66,899.2115,0,0,0,0,0.042,0.201,0,0.046,0,15,0
01/16/2021 03:30,17.47,17.56,17.38,96.6,0,0.911,0.861,313.1,16.88,899.0947,0,0,0,0,0,0,0,0,0,15,0
01/16/2021 03:15,17.44,17.53,17.33,96.5,0,0.955,0.905,329.9,14.08,898.9711,0,0,0,0,0,0,0,0,0,15,0
01/16/2021 03:00,17.38,17.46,17.33,96.4,0,0.583,0.573,319.1,9.76,898.8928,0,0,0,0,0.042,0.201,0,0.045,0,15,0
01/16/2021 02:45,17.28,17.39,17.21,96.2,0,0.649,0.639,320.5,8.42,898.8936,0,0,0,0,0.041,0.201,0,0.046,0,15,0
01/16/2021 02:30,17.24,17.33,17.12,95.8,0,0.212,0.199,279.7,5.92,898.9721,0,0,0,0,0,0,0,0,0,15,0
01/16/2021 02:15,17.28,17.39,17.19,95.2,0,0.618,0.606,308.3,10.74,899.0912,0,0,0,0,0,0,0,0,0,15,0
01/16/2021 02:00,17.45,17.58,17.36,95.1,0,0.82,0.808,316.3,7.18,899.17,0,0,0,0,0.035,0.167,0,0.043,0,15,0
01/16/2021 01:45,17.59,17.65,17.53,95.4,0,0.393,0.378,305.3,10.63,899.4128,0,0,0,0,0.04,0.167,0,0.042,0,15,0
01/16/2021 01:30,17.61,17.65,17.58,95.5,0,1.117,1.086,246.2,12.96,899.4948,0,0,0,0,0,0,0,0,0,15,0
01/16/2021 01:15,17.61,17.64,17.54,95.1,0,0.885,0.851,239.5,14.09,899.4103,0,0,0,0,0,0,0,0,0,15,0
01/16/2021 01:00,17.51,17.56,17.48,94.9,0,0.332,0.313,255.3,15.04,899.4515,0,0,0,0,0.041,0.234,0,0.045,0,15,0
01/16/2021 00:45,17.57,17.64,17.49,95.7,0,0.407,0.366,266.9,9.74,899.5324,0,0,0,0,0.04,0.234,0,0.048,0,15,0
01/16/2021 00:30,17.58,17.63,17.51,95.7,0,0.708,0.695,325.4,9.16,899.6504,0,0,0,0,0.001,0.201,0,0.012,0,15,0
01/16/2021 00:15,17.61,17.68,17.53,95.3,0,0.55,0.534,320.9,10.95,899.7319,0,0,0,0,0,0,0,0,0,15,0
01/16/2021 00:00,17.7,17.74,17.64,95.1,0,0.935,0.917,338.2,9.37,899.8885,0,0,0,0,0.034,0.201,0,0.042,0,15,0
01/15/2021 23:45,17.7,17.73,17.66,94.8,0,0.864,0.821,338.2,14.41,900.0461,0,0,0,0,0.038,0.234,0,0.047,0,15,0
01/15/2021 23:30,17.73,17.78,17.69,94.7,0,0.995,0.957,342.2,13.71,900.1312,0,0,0,0,0.038,0.167,0,0.043,0,15,0
01/15/2021 23:15,17.69,17.76,17.63,95.3,0,0.894,0.855,341.6,12.36,900.2118,0,0,0,0,0.035,0.268,0,0.047,0,15,0
01/15/2021 23:00,17.69,17.8,17.56,95.9,0,0.105,0.101,309.3,1.65,900.4098,0,0,0,0,0.042,0.234,0,0.048,0,15,0
01/15/2021 22:45,17.59,17.63,17.54,95.9,0,0.184,0.171,173.3,3.45,900.3704,0,0,0,0,0.04,0.201,0,0.048,0,15,0
01/15/2021 22:30,17.66,17.71,17.58,95.8,0,0.493,0.483,152.9,8.12,900.5303,0,0,0,0,0.033,0.167,0,0.04,0,15,0
01/15/2021 22:15,17.76,17.83,17.68,95.9,0,0.312,0.304,178.4,8.1,900.6087,0,0,0,0,0.04,0.201,0,0.047,0,15,0
01/15/2021 22:00,17.8,17.84,17.76,96.1,0,0.823,0.802,192.3,10.02,900.4885,0,0,0,0,0.042,0.201,0,0.048,0,15,0
01/15/2021 21:45,17.8,17.86,17.74,96.1,0,0.71,0.688,163.5,11.89,900.5654,0,0,0,0,0.045,0.234,0,0.047,0,15,0
01/15/2021 21:30,17.85,17.89,17.81,95.9,0,0.942,0.889,185.7,17.72,900.688,0,0,0,0,0.041,0.201,0,0.045,0,15,0
01/15/2021 21:15,17.88,17.96,17.83,95,0,0.594,0.565,161.2,14.29,900.5648,0,0,0,0,0.043,0.167,0,0.046,0,15,0
01/15/2021 21:00,18.04,18.15,17.91,94.1,0,0.191,0.163,156,3.52,900.4039,0,0,0,0,0.037,0.167,0,0.042,0,15,0
01/15/2021 20:45,18.17,18.26,18.1,93.9,0,0.26,0.246,314.5,8.4,900.2416,0,0,0,0,0.038,0.167,0,0.043,0,15,0
01/15/2021 20:30,18.17,18.26,18.1,94.1,0,0.074,0.072,293.7,3.9,899.9208,0,0,0,0,0.047,0.234,0,0.05,0,15,0
01/15/2021 20:15,18.29,18.4,18.18,93.8,0,0.051,0.051,207.3,2.48,899.999,0,0,0,0,0.039,0.268,0,0.048,0,15,0
01/15/2021 20:00,18.39,18.41,18.35,94.1,0,0.593,0.574,207,14.41,899.877,0,0,0,0,0.039,0.167,0,0.045,0,15,0
01/15/2021 19:45,18.45,18.53,18.36,93.9,0,0.6,0.576,179.9,13.53,899.7145,0,0,0,0,0.037,0.201,0,0.043,0,15,0
01/15/2021 19:30,18.48,18.51,18.45,94,0,0.773,0.708,203.3,19.23,899.3488,0,0,0,0,0.038,0.167,0,0.043,0,15,0
01/15/2021 19:15,18.47,18.51,18.43,95,0,1.135,1.06,192.7,18.83,899.3066,0,0,0,0,0.041,0.201,0,0.047,0,15,0
01/15/2021 19:00,18.49,18.56,18.4,95.5,0,0.996,0.918,160.8,17.52,899.1056,0,0,0,0,0.037,0.201,0,0.047,0,15,0
01/15/2021 18:45,18.42,18.45,18.4,95.2,0,0.535,0.481,186.4,15.76,898.7805,0,0,0,0,0.043,0.201,0,0.05,0,15,0
01/15/2021 18:30,18.48,18.56,18.41,94.7,0,0.646,0.637,166.4,9.09,898.5367,0,0,0,0,0.037,0.167,0,0.046,0,15,0
01/15/2021 18:15,18.6,18.68,18.53,94.1,0,0.495,0.486,157.9,9.06,898.2906,0,0,0,0,0.039,0.201,0,0.047,0,11.45,3.55
01/15/2021 18:00,18.8,18.98,18.65,93.5,0,0.378,0.355,201.1,9.11,897.9628,0,0,0,0,0.105,0.435,0,0.098,11.6,0,3.4
01/15/2021 17:45,19.1,19.2,18.96,93,0,0.395,0.308,143.4,11.42,897.6749,0,0,0,0,1.625,3.618,0.268,0.962,15,0,0
01/15/2021 17:30,19.28,19.48,19.15,92.4,0,0.326,0.311,238.8,11.67,897.7114,3.72,9.83,0,3.09,9.98,17.38,3.584,4.107,15,0,0
01/15/2021 17:15,19.62,19.73,19.47,91.1,0,0.633,0.58,222.4,14.1,897.6688,16.21,28.02,9.88,4.65,26.02,43.95,17.45,6.818,15,0,0
01/15/2021 17:00,19.85,19.95,19.72,89.9,0,0.839,0.772,163.7,19.9,897.704,37.96,43.19,28.21,4.47,58.17,65.08,44.18,6.237,15,0,0
01/15/2021 16:45,20,20.14,19.9,89.6,0,0.834,0.747,168.4,22.11,897.7019,44.67,46.73,43.14,1.15,67.4,70.78,64.88,1.712,15,0,0
01/15/2021 16:30,20.29,20.47,20.05,87.9,0,1.059,0.984,168.6,20.92,897.5397,53.7,69.22,46.73,7.15,82.3,105.4,70.68,11.08,15,0,0
01/15/2021 16:15,20.48,20.54,20.42,86.8,0,0.612,0.574,166.1,18.48,897.4105,80,89.3,69.31,5.25,121.5,136.5,105.6,8.18,15,0,0
01/15/2021 16:00,20.68,21.01,20.5,86.6,0,1.024,0.911,162.7,25,897.3265,96.2,106.9,72.38,9.16,144.9,160.2,107.8,14.18,15,0,0
01/15/2021 15:45,21.38,21.71,20.99,83.1,0,1.013,0.941,162.1,20.85,897.7599,83.8,129.5,49.18,30.48,127.2,197.8,72.96,46.74,15,0,0
01/15/2021 15:30,21.84,21.95,21.69,80.4,0,0.735,0.689,151.1,18.2,897.7175,171.2,190.1,130,16.04,255.9,280.8,198.2,21.92,15,0,0
01/15/2021 15:15,22.01,22.2,21.69,80.8,0,0.712,0.673,135.5,17.29,897.5909,191.1,205.2,184,6.55,281.1,298.2,272.1,7.841,15,0,0
01/15/2021 15:00,21.93,22.11,21.68,80.6,0,0.376,0.301,170,23.97,897.5923,265.6,456.9,189,63.84,373.8,628.8,273,83.7,15,0,0
01/15/2021 14:45,21.71,21.93,21.43,82,0,0.691,0.486,187.6,33.46,897.5156,334.4,689.4,263.8,94.5,457.1,932,358.1,123.2,15,0,0
01/15/2021 14:30,21.95,22.53,21.68,81.9,0,1.192,1.092,157.9,22.8,897.8766,222,266,174.1,28.88,312.8,373.7,255.6,34.65,15,0,0
01/15/2021 14:15,22.49,22.65,22.32,80.2,0,1.266,1.152,152.4,23.49,897.8795,358.6,858,221,137.1,505.5,1186,320.2,180.6,15,0,0
01/15/2021 14:00,22.15,22.43,21.64,81.3,0,0.861,0.804,144.2,19.44,897.6422,238.2,298.6,186.9,33.2,353.6,441.4,276.8,47.88,15,0,0
01/15/2021 13:45,21.34,21.64,21.14,81.7,0,1.283,1.184,227.1,18.46,897.0329,262,299.5,186.8,32.8,379.5,432.9,261.6,46.23,15,0,0
01/15/2021 13:30,21.08,21.36,20.84,84.4,0,0.885,0.83,224.4,19.26,896.7092,209,238.9,171.1,21.82,285.9,337.1,235.9,28.67,15,0,0
01/15/2021 13:15,20.84,21.02,20.67,85.3,0,1.458,1.314,229.4,26.31,896.8225,298.5,537.3,235.6,74.74,422.9,745.4,334.2,99.1,15,0,0
01/15/2021 13:00,21.02,21.15,20.85,85.3,0,1.869,1.72,213.7,22.23,897.1791,307.8,360.6,250.5,30.47,431.7,506.1,354.7,41.95,15,0,0
01/15/2021 12:45,21.35,21.57,20.97,83.6,0,1.653,1.501,225.1,22.14,897.5813,340.8,578.6,273.6,56.53,473.5,791,384.6,73.78,15,0,0
01/15/2021 12:30,21.43,21.74,21.19,83.4,0,1.396,1.315,236.8,16.89,897.7308,446.3,871,283,153.6,602.6,1145,388.9,201.7,15,0,0
01/15/2021 12:15,22.02,22.61,21.35,80.7,0,1.64,1.559,238.4,17.47,898.6504,476.9,1312,287.6,307.3,627.9,1667,392.5,383.4,15,0,0
01/15/2021 12:00,21.89,22.33,21.5,81.6,0.254,1.132,1.06,241.4,19.56,898.7268,460.7,1372,172.9,378.9,609.7,1749,243,480.3,15,0,0
01/15/2021 11:45,23.94,24.98,22.34,72.72,0,0.87,0.597,268.8,44.37,899.0511,567.1,1444,171.6,410.7,742.8,1877,240.4,528.9,15,0,0
01/15/2021 11:30,24.01,24.69,23.57,67,0,0.253,0.181,131.7,18.48,899.2571,727.7,1363,432.1,305.3,965,1786,577.5,388.8,15,0,0
01/15/2021 11:15,23.21,23.57,23.03,70,0,0.323,0.237,140.7,25.5,899.4637,421.5,636.7,361.1,42.9,567.2,892,496.6,58.85,15,0,0
01/15/2021 11:00,23.03,23.17,22.78,71.62,0,0.416,0.359,329.1,17.33,899.5472,430.3,656.9,353.2,60.72,580,922,483.8,80.8,15,0,0
01/15/2021 10:45,23.54,24.11,22.92,72.25,0,0.477,0.236,195.4,23.72,899.5966,743.7,1403,427,264.6,982,1823,563.7,339,15,0,0
01/15/2021 10:30,22.56,22.88,22.35,77.73,0,0.618,0.464,105.5,36.47,899.6418,421.2,650.7,271.1,108.9,573.3,884,380.8,140.9,15,0,0
01/15/2021 10:15,22.53,22.7,22.38,75.8,0,0.079,0.02,168,24.7,899.8419,287.1,293.4,271.5,5.52,400.5,409.5,381.7,6.455,15,0,0
01/15/2021 10:00,22.44,22.89,22.03,75.58,0,0.444,0.298,139.4,35.99,900.0476,398.8,710.9,261.4,101.2,535.9,947,349,128.5,15,0,0
01/15/2021 09:45,22.54,22.91,22.01,75.66,0,0.263,0.135,127.9,30.74,900.42,380.9,736.8,236.7,111.8,500.9,942,318.3,139,15,0,0
01/15/2021 09:30,22.61,23.02,22.22,76.25,0,0.643,0.55,127.4,22.84,900.514,414,788.1,217.3,172.3,539.9,972,300.5,209.4,15,0,0
01/15/2021 09:15,22.88,23.26,22.5,74.73,0,0.852,0.707,118.1,34.07,900.7264,663.7,839,306.3,154.8,829,1049,392.6,184.5,15,0,0
01/15/2021 09:00,21.75,22.84,20.96,81.9,0,1.112,0.981,126.9,27.21,900.8557,543.4,840,272,204.5,694.5,1049,334.2,243.2,15,0,0
01/15/2021 08:45,20.61,21.23,20.04,85.4,0,0.298,0.267,220.4,22.49,900.701,439.1,681.1,252,142.9,575.4,859,356.5,170,15,0,0
01/15/2021 08:30,19.61,20.14,18.95,95.8,0,0.114,0.105,284.3,9.09,900.5873,474.4,547.5,374.7,34.36,601,690.3,497.2,42.33,15,0,0
01/15/2021 08:15,18.9,19.2,18.75,96.9,0,0.305,0.296,322.7,7.16,900.3868,294.1,424.1,184.5,77.72,380.5,537.2,239.3,95.9,15,0,0
01/15/2021 08:00,18.54,18.85,18.28,97,0,0.104,0.096,277,3.15,900.3541,162.6,192.9,133.3,20.14,208.3,244.8,174.1,24.28,15,0,0
01/15/2021 07:45,18.4,18.52,18.28,97,0,0.447,0.413,328.8,14.15,900.035,129,133.9,114.4,5.67,169.6,176.1,150,7.806,11.05,1.2,2.75
01/15/2021 07:30,18.41,18.52,18.3,97,0,0.538,0.475,319.2,18.28,899.8387,92.6,129.8,69.42,19.45,121,169.3,90.3,25.67,0,15,0
01/15/2021 07:15,18.32,18.36,18.28,97,0,0.659,0.613,347.4,17.24,899.5943,58.33,86.6,40.12,16.37,78.08,113.6,52.95,21.81,0,15,0
01/15/2021 07:00,18.35,18.41,18.3,97,0,0.623,0.545,325.5,16.6,899.8374,32.9,44.18,26.89,5.11,43.12,57.77,35.3,6.695,0,15,0
01/15/2021 06:45,18.25,18.35,18.2,97,0,0.839,0.787,325.1,17.63,899.5177,25.02,32.94,20.56,2.58,33.1,43.64,27.67,3.363,0,15,0
01/15/2021 06:30,18.25,18.31,18.18,97,0,1.021,0.98,314.9,13.93,899.5969,15.52,21.36,10.96,3.35,21.03,28.67,14.77,4.64,0,15,0
01/15/2021 06:15,18.29,18.35,18.23,97,0,1.236,1.176,318.4,17.12,899.1538,6.98,10.73,4.3,1.93,9.44,14.5,6.297,2.145,0,15,0
01/15/2021 06:00,18.26,18.31,18.21,97,0,1.429,1.361,318,16.88,899.2745,2.2,10.63,0.14,2.94,2.716,8.81,0.536,2.297,0,15,0
01/15/2021 05:45,18.19,18.26,18.13,97,0,1.312,1.252,316.1,15.21,898.873,0.02,0.19,0,0.04,0.165,0.636,0,0.141,0,15,0
01/15/2021 05:30,18.18,18.23,18.13,97,0,0.935,0.877,320.8,18.43,898.8719,0,0,0,0,0.043,0.201,0,0.047,0,15,0
01/15/2021 05:15,18.15,18.21,18.11,97,0,0.969,0.931,320.7,15.24,898.5906,0,0,0,0,0.046,0.167,0,0.046,0,15,0
01/15/2021 05:00,18.21,18.26,18.16,97,0,0.963,0.912,323,18.69,898.4298,0,0,0,0,0.044,0.201,0,0.049,0,15,0
01/15/2021 04:45,18.26,18.31,18.21,97,0,0.566,0.543,317.3,9.13,898.226,0,0,0,0,0.04,0.167,0,0.044,0,15,0
01/15/2021 04:30,18.3,18.35,18.26,97,0,0.812,0.722,329.8,22.65,898.5046,0,0,0,0,0.038,0.167,0,0.042,0,15,0
01/15/2021 04:15,18.35,18.45,18.28,96.9,0,1.108,1.033,318.3,19.75,898.1854,0,0,0,0,0.039,0.167,0,0.046,0,15,0
01/15/2021 04:00,18.44,18.48,18.4,96.9,0,1.457,1.344,324.3,20.83,897.9827,0,0,0,0,0.04,0.201,0,0.044,0,15,0
01/15/2021 03:45,18.42,18.5,18.35,96.9,0,1.294,1.225,321.2,18.6,897.8641,0,0,0,0,0.043,0.201,0,0.046,0,15,0
01/15/2021 03:30,18.4,18.46,18.33,96.9,0,1.048,1.009,319.1,13.21,898.0241,0,0,0,0,0,0.067,0,0.004,0,15,0
01/15/2021 03:15,18.46,18.55,18.4,96.9,0,0.228,0.212,313.7,8.54,898.2661,0,0,0,0,0,0,0,0,0,15,0
01/15/2021 03:00,18.38,18.46,18.33,96.9,0,0.565,0.534,315.5,13.09,898.1859,0,0,0,0,0.043,0.201,0,0.047,0,15,0
01/15/2021 02:45,18.46,18.5,18.43,96.9,0,0.438,0.363,349.4,26.14,898.1852,0,0,0,0,0.041,0.201,0,0.045,0,15,0
01/15/2021 02:30,18.48,18.53,18.43,96.9,0,1.063,1.018,316.2,15.17,898.2654,0,0,0,0,0,0.033,0,0.002,0,15,0
01/15/2021 02:15,18.47,18.53,18.41,96.9,0,0.716,0.695,310.9,10.66,898.3052,0,0,0,0,0,0,0,0,0,15,0
01/15/2021 02:00,18.44,18.48,18.4,96.9,0,0.106,0.101,320.3,5.77,898.4263,0,0,0,0,0.044,0.234,0,0.048,0,15,0
01/15/2021 01:45,18.44,18.48,18.4,96.8,0,0.312,0.299,321.2,10.18,898.6246,0,0,0,0,0.044,0.268,0,0.049,0,15,0
01/15/2021 01:30,18.47,18.52,18.41,96.8,0,0.762,0.742,310.6,10.84,898.4637,0,0,0,0,0,0,0,0,0,15,0
01/15/2021 01:15,18.56,18.62,18.48,96.8,0,0.613,0.567,330.2,19.45,898.546,0,0,0,0,0,0,0,0,0,15,0
01/15/2021 01:00,18.6,18.67,18.55,96.8,0,0.705,0.676,310.8,12.95,898.5057,0,0,0,0,0.037,0.201,0,0.045,0,15,0
01/15/2021 00:45,18.6,18.67,18.56,96.8,0,0.628,0.602,306.2,14.26,898.7473,0,0,0,0,0.04,0.268,0,0.046,0,15,0
01/15/2021 00:30,18.62,18.68,18.57,96.7,0,0.859,0.832,307.5,12.49,898.8674,0,0,0,0,0,0.033,0,0.002,0,15,0
01/15/2021 00:15,18.64,18.68,18.6,96.7,0,0.95,0.911,312.9,15.53,898.9481,0,0,0,0,0,0,0,0,0,15,0
01/15/2021 00:00,18.67,18.72,18.6,96.7,0,0.848,0.811,318.8,16.32,899.0281,0,0,0,0,0.04,0.201,0,0.046,0,15,0
01/14/2021 23:45,18.67,18.73,18.6,96.6,0,1.03,0.985,316.2,15.37,899.229,0,0,0,0,0.047,0.234,0,0.049,0,15,0
01/14/2021 23:30,18.75,18.87,18.65,96.5,0,1.015,0.964,309.2,14.99,899.3846,0,0,0,0,0.037,0.201,0,0.041,0,15,0
01/14/2021 23:15,18.98,19.08,18.85,96.5,0,0.475,0.451,321.7,12.83,899.6644,0,0,0,0,0.037,0.201,0,0.043,0,15,0
01/14/2021 23:00,19.09,19.13,19.03,96.4,0,0.533,0.477,312.9,20.62,899.7465,0,0,0,0,0.039,0.201,0,0.043,0,15,0
01/14/2021 22:45,19.05,19.1,19.02,96.3,0.508,0.35,0.302,349.1,21.61,899.8293,0,0,0,0,0.044,0.234,0,0.048,0,15,0
01/14/2021 22:30,19.02,19.07,18.98,96.3,0,0.14,0.138,347.8,5.9,899.8261,0,0,0,0,0.047,0.201,0,0.048,0,15,0
01/14/2021 22:15,19,19.03,18.97,96.2,0,0.076,0.075,313.2,2.5,899.9478,0,0,0,0,0.039,0.201,0,0.046,0,15,0
01/14/2021 22:00,18.99,19.08,18.93,96.1,0,0,0,0,0,900.0676,0,0,0,0,0.042,0.201,0,0.046,0,15,0
01/14/2021 21:45,19.04,19.1,18.98,96.1,0,0.014,0.014,46.33,0.17,900.0709,0,0,0,0,0.037,0.234,0,0.046,0,15,0
01/14/2021 21:30,19.01,19.07,18.97,96,0,0.143,0.139,0.4,6.06,900.0256,0,0,0,0,0.043,0.234,0,0.051,0,15,0
01/14/2021 21:15,19,19.03,18.95,96,0,0.229,0.22,93.4,9.56,900.027,0,0,0,0,0.042,0.201,0,0.049,0,15,0
01/14/2021 21:00,19.05,19.15,18.97,96,0.508,0.279,0.25,66.04,16.45,899.9872,0,0,0,0,0.04,0.201,0,0.046,0,15,0
01/14/2021 20:45,19.16,19.27,19.08,96,1.016,0.565,0.442,12.89,22.91,900.0264,0,0,0,0,0.038,0.167,0,0.044,0,15,0
01/14/2021 20:30,19.24,19.29,19.22,96,0.254,0.016,0.016,304.5,1.58,900.0586,0,0,0,0,0.04,0.201,0,0.048,0,15,0
01/14/2021 20:15,19.25,19.3,19.2,96,0,0.009,0.009,327.5,1.33,899.9814,0,0,0,0,0.044,0.201,0,0.047,0,15,0
01/14/2021 20:00,19.27,19.32,19.23,95.9,0,0.195,0.188,326.4,6.58,899.9024,0,0,0,0,0.042,0.268,0,0.048,0,15,0
01/14/2021 19:45,19.29,19.34,19.25,95.8,0,0.29,0.281,320.7,8.98,899.7407,0,0,0,0,0.039,0.201,0,0.043,0,15,0
01/14/2021 19:30,19.26,19.3,19.22,95.7,0,0.446,0.427,313.9,13.8,899.6187,0,0,0,0,0.041,0.201,0,0.047,0,15,0
01/14/2021 19:15,19.29,19.34,19.25,95.5,0,0.498,0.457,341.7,18.65,899.4155,0,0,0,0,0.041,0.234,0,0.047,0,15,0
01/14/2021 19:00,19.33,19.37,19.27,95.4,0,0.541,0.486,323.4,17.61,899.2874,0,0,0,0,0.033,0.201,0,0.045,0,15,0
01/14/2021 18:45,19.35,19.43,19.27,95.1,0,0.851,0.812,356.1,14.29,898.9257,0,0,0,0,0.035,0.201,0,0.041,0,15,0
01/14/2021 18:30,19.47,19.53,19.38,94.8,0,0.968,0.844,344.5,27.13,898.9205,0,0,0,0,0.039,0.201,0,0.046,3.25,11.45,0.3
01/14/2021 18:15,19.65,19.82,19.5,93.9,0,1.169,1.073,0,20.03,898.7574,0,0,0,0,0.039,0.268,0,0.047,15,0,0
01/14/2021 18:00,19.98,20.14,19.8,92.9,0,0.382,0.312,21.1,13.73,898.6362,0,0,0,0,0.075,0.335,0,0.07,15,0,0
01/14/2021 17:45,20.28,20.39,20.12,92,0,0.269,0.252,135.3,14.57,898.5508,1.74,5.15,0,1.6,2.246,7.403,0.1,1.936,15,0,0
01/14/2021 17:30,20.47,20.56,20.37,90.8,0,0.069,0.062,146.7,6.56,898.4712,12.06,21.26,5.25,4.16,17.45,30.82,7.536,6.295,15,0,0
01/14/2021 17:15,20.58,20.66,20.54,90.1,0,0.478,0.432,154.1,20.48,898.3885,31.54,37.28,21.31,4.84,45.3,54.87,31.05,6.829,15,0,0
01/14/2021 17:00,20.67,20.79,20.61,90.6,0,0.014,0.013,174.2,4.37,898.2264,59.21,69.88,36.71,9.09,86.9,101.6,55.13,13.08,15,0,0
01/14/2021 16:45,20.69,20.89,20.61,90.5,0,0.799,0.692,168.8,27.96,898.0652,66.27,72.53,60.05,3.57,98.7,107.8,88.1,4.692,15,0,0
01/14/2021 16:30,21.2,21.33,20.86,89.1,0,0.539,0.356,187.1,17.59,897.9419,109.3,244.3,70.45,43.36,153.4,323.2,102,53.58,15,0,0
01/14/2021 16:15,20.77,21.01,20.62,90.9,0,1.02,0.928,176.7,21.25,897.8221,137.9,229.1,84.1,37.54,195.7,307.5,124.6,45.72,4,9.8,1.2
01/14/2021 16:00,20.97,21.46,20.69,89.2,0,0.959,0.853,172.4,21.8,897.7792,49.09,83.5,33.97,13.83,77.67,123.7,58.62,16.23,0,15,0
01/14/2021 15:45,21.77,21.97,21.45,85.4,0,0.725,0.607,160.4,26.36,897.7,124.9,421.7,35.01,82.9,157.5,272.9,59.15,68.5,14.2,0.45,0.35
01/14/2021 15:30,21.37,21.77,21.13,86.6,0,0.803,0.773,228.4,14.76,897.58,230.2,304.9,174.7,25.16,322.9,428.9,253.8,33.62,15,0,0
01/14/2021 15:15,21.3,21.45,21.13,86.9,0,0.696,0.65,236.9,17.15,897.4169,119.3,226.9,82.1,42.77,170.8,311,111.6,59.97,15,0,0
01/14/2021 15:00,21.16,21.43,20.94,87.1,0,0.473,0.431,218.7,13.97,897.2496,131.9,174,83.5,26.08,176.2,236.9,111.9,39.37,6.3,7.85,0.85
01/14/2021 14:45,20.93,21.07,20.79,88.5,0,0.484,0.39,223.4,20.2,897.158,98.7,152,68.18,24.38,139.4,219.4,94.7,36.62,0,15,0
01/14/2021 14:30,21.53,21.94,20.92,84.6,0,0.839,0.642,212.8,23.47,897.433,79.88,99.6,65.01,8.94,114,138,97.6,12.14,1.9,12.7,0.4
01/14/2021 14:15,21.74,21.98,21.56,82.4,0,0.644,0.553,229.4,25.47,897.7051,190.7,364.5,64.49,79.62,265.6,508.4,96.8,107.7,15,0,0
01/14/2021 14:00,21.81,22.03,21.69,81.6,0,0.787,0.707,300.5,22.63,897.7446,82.3,106.4,59.2,13.89,124.5,161.3,93.5,19.85,15,0,0
01/14/2021 13:45,23.15,23.86,22.03,76.58,0,0.752,0.628,278.2,25.64,897.9523,317.2,1160,63.64,292.4,426.9,1511,96.9,378.9,15,0,0
01/14/2021 13:30,22.74,23.41,22.35,78.72,0,1.46,1.355,295.5,19.36,897.9231,660.3,1178,234.9,370.6,885,1549,331.5,471.5,15,0,0
01/14/2021 13:15,21.85,22.35,21.39,82,0,0.836,0.761,311.2,17.92,897.2043,275.2,446.9,222.6,36.95,383.9,642.8,312.2,49.43,15,0,0
01/14/2021 13:00,21.02,21.42,20.62,85,0,1.136,1.039,254.7,22.55,896.5434,270.1,392.5,181.1,56.36,358.5,529.7,244.8,70.62,15,0,0
01/14/2021 12:45,20.66,20.9,20.53,86.6,0,1.249,1.122,246.9,24.33,896.6956,144.3,367.5,104.4,55.97,201.2,512.8,146.7,74.16,15,0,0
01/14/2021 12:30,21.16,21.6,20.87,84.6,0,1.262,1.133,244.8,24.73,897.1245,171,219.7,115.8,27.95,240,308.6,161.8,39.11,15,0,0
01/14/2021 12:15,21.68,21.8,21.54,81.6,0,0.923,0.801,258,24.55,897.9159,220,271.5,169.3,33.72,304.4,375.9,237.2,46.04,15,0,0
01/14/2021 12:00,22.23,22.78,21.67,78.06,0,0.939,0.818,232.4,26.36,898.9493,199.1,256.9,155.9,27.08,285.6,362.1,231.1,35.1,15,0,0
01/14/2021 11:45,23.54,24.2,22.74,71,0,1.117,0.871,317.8,33.92,899.51,326.5,816,155.1,159,451.6,1113,230,205.1,15,0,0
01/14/2021 11:30,24.02,24.27,23.58,67.8,0,1.431,1.277,323.2,26.11,899.715,961,1228,413.2,195,1237,1638,541.1,247.5,15,0,0
01/14/2021 11:15,23.75,24.07,23.32,70,0,2.034,1.758,322,25.34,899.7645,1005,1091,946,42.45,1286,1392,1209,53.09,15,0,0
01/14/2021 11:00,23.3,23.67,23.08,72.93,0,1.683,1.396,329.6,26.98,899.7711,942,957,930,7.7,1203,1226,1185,11.56,15,0,0
01/14/2021 10:45,23.04,23.67,22.68,75.88,0,1.604,1.384,326.3,30.36,899.9365,921,1147,429.9,140.8,1177,1528,541.2,186.1,15,0,0
01/14/2021 10:30,22.92,23.25,22.68,75.85,0,1.887,1.701,322.5,25.27,899.9871,832,1106,290,201.9,1059,1439,378.6,251.9,15,0,0
01/14/2021 10:15,22.78,23.27,22.33,78.15,0,1.636,1.404,328.3,29.18,900.1176,871,936,721.6,27.01,1096,1188,854,39.03,15,0,0
01/14/2021 10:00,22.19,22.6,21.8,79.89,0,1.825,1.619,321.5,26.47,900.172,772.3,1040,325.3,186.6,980,1339,451.5,216.9,15,0,0
01/14/2021 09:45,22.1,22.4,21.87,80.9,0,1.373,1.236,325.3,24.14,900.3589,806,902,418.3,103,1004,1116,519.5,115,15,0,0
01/14/2021 09:30,21.43,22,20.86,84,0,1.089,0.969,320.2,25.32,900.4896,650.9,904,274.3,233.1,815,1118,355.6,279.1,15,0,0
01/14/2021 09:15,21.19,21.52,20.83,84.3,0,1.075,0.986,330.5,20.59,900.4545,349.1,865,106.6,242,451.8,1103,153.1,293.4,15,0,0
01/14/2021 09:00,21.15,21.52,20.7,85,0,0.783,0.698,347,24.41,900.469,599.4,767.5,197.5,171.8,739.4,950,270.5,198.5,15,0,0
01/14/2021 08:45,20.13,20.71,19.72,91,0,0.884,0.798,341.2,21.25,900.4744,571.6,663.2,438.9,68.38,697.1,802,538.5,80.3,15,0,0
01/14/2021 08:30,19.63,20.16,18.7,94.4,0,0.277,0.239,351.9,15.21,900.2786,498.8,580.6,286.5,66.87,605.8,702.5,350.1,75.81,15,0,0
01/14/2021 08:15,18.41,18.72,18.3,96.4,0,0.335,0.33,354.4,7.27,900.1982,208.5,551.1,55.1,184.7,270.2,657.1,90.4,215.4,15,0,0
01/14/2021 08:00,18.56,19.02,18.38,96.4,0,0.246,0.221,329,14.84,900.244,80.6,359.7,41.44,63.95,118.5,422.4,73.82,68.44,15,0,0
01/14/2021 07:45,18.76,19.52,18.3,96.9,0,0.323,0.302,1.23,7.03,900.087,356.9,381.5,285.7,23.37,407.2,426.4,338.5,20.2,14.7,0,0.3
01/14/2021 07:30,18.33,18.7,17.91,97.1,0,0.332,0.299,340.2,10.51,900.004,294.6,345.4,199.2,33.48,366.8,407.6,270,28.5,0,14.4,0.6
01/14/2021 07:15,17.91,18.03,17.83,97.1,0,0.64,0.615,325.1,14.2,899.9652,147.1,233.5,96.7,34.45,197.9,321.9,126.9,49.87,0,15,0
01/14/2021 07:00,17.71,17.86,17.63,97.1,0,1.148,1.112,337.6,13.65,899.7274,73.41,133.8,31.76,29.31,98.1,175.4,45.35,36.38,0,15,0
01/14/2021 06:45,17.6,17.69,17.53,97.1,0,0.67,0.645,296.9,12.59,899.5287,19.71,31.8,14.65,4.28,29.65,45.98,22.74,5.783,0,15,0
01/14/2021 06:30,17.57,17.63,17.51,97.1,0,1.344,1.291,310.5,15.45,899.2048,15.28,21.45,10.44,3.09,22.81,31.25,15.87,4.349,0,15,0
01/14/2021 06:15,17.46,17.58,17.39,97.2,0,1.52,1.47,318.7,14.56,898.9246,7.08,10.54,4.02,1.9,11.38,16.14,7.502,2.618,0,15,0
01/14/2021 06:00,17.39,17.44,17.34,97.2,0,1.52,1.474,318.4,13.89,898.7674,1.94,4.4,0,1.25,4.363,7.703,1.206,1.764,0,15,0
01/14/2021 05:45,17.41,17.46,17.36,97.2,0,1.621,1.578,312.3,12.09,898.5612,0,0,0,0,0.367,1.373,0,0.334,0,15,0
01/14/2021 05:30,17.4,17.46,17.36,97.1,0,1.663,1.62,314.3,13.05,898.5212,0,0,0,0,0.047,0.201,0,0.049,0,15,0
01/14/2021 05:15,17.44,17.48,17.36,97.1,0,1.741,1.701,312,12.34,898.3169,0,0,0,0,0.042,0.201,0,0.045,0,15,0
01/14/2021 05:00,17.4,17.49,17.31,97.1,0,1.713,1.666,311.5,13.28,898.1181,0,0,0,0,0.041,0.167,0,0.043,0,15,0
01/14/2021 04:45,17.27,17.34,17.21,97.1,0,1.616,1.569,319.7,13.38,897.9961,0,0,0,0,0.038,0.201,0,0.045,0,15,0
01/14/2021 04:30,17.32,17.36,17.27,97.1,0,1.736,1.684,317.9,13.9,897.9954,0,0,0,0,0.038,0.167,0,0.043,0,15,0
01/14/2021 04:15,17.35,17.44,17.31,97.1,0,1.412,1.362,314,14,897.789,0,0,0,0,0.039,0.201,0,0.045,0,15,0
01/14/2021 04:00,17.42,17.49,17.36,97.1,0,0.962,0.936,316,11.39,897.8674,0,0,0,0,0.04,0.134,0,0.04,0,15,0
01/14/2021 03:45,17.63,17.71,17.44,97.1,0,0.608,0.568,317.8,13.42,898.031,0,0,0,0,0.044,0.234,0,0.049,0,15,0
01/14/2021 03:30,17.61,17.68,17.54,97.1,0,0.63,0.612,313.2,10.49,897.9493,0,0,0,0,0,0.033,0,0.002,0,15,0
01/14/2021 03:15,17.54,17.58,17.49,97.1,0,0.331,0.316,301.5,12.62,897.7883,0,0,0,0,0,0,0,0,0,15,0
01/14/2021 03:00,17.48,17.54,17.41,97.1,0,0.482,0.461,313,13.59,897.75,0,0,0,0,0.043,0.201,0,0.047,0,15,0
01/14/2021 02:45,17.49,17.56,17.41,97.1,0,1.033,0.99,307.9,15.43,897.6305,0,0,0,0,0.035,0.201,0,0.042,0,15,0
01/14/2021 02:30,17.46,17.56,17.34,97.1,0,0.895,0.857,313.6,14.61,897.5493,0,0,0,0,0,0,0,0,0,15,0
01/14/2021 02:15,17.32,17.39,17.27,97,0,1.052,1.028,314.9,8.72,897.4233,0,0,0,0,0,0,0,0,0,15,0
01/14/2021 02:00,17.47,17.71,17.34,97,0,0.459,0.437,333.7,8.74,897.6638,0,0,0,0,0.04,0.201,0,0.045,0,15,0
01/14/2021 01:45,17.77,17.88,17.68,97,0,0.694,0.658,306.1,14.63,897.9874,0,0,0,0,0.044,0.201,0,0.045,0,15,0
01/14/2021 01:30,17.89,17.94,17.79,96.9,0,1.546,1.5,304.8,13.42,898.1888,0,0,0,0,0,0,0,0,0,15,0
01/14/2021 01:15,17.97,18.05,17.89,96.9,0,1.716,1.631,315.3,17.08,898.0255,0,0,0,0,0,0,0,0,0,15,0
01/14/2021 01:00,17.99,18.03,17.94,96.9,0,1.842,1.755,313.2,17.69,898.1473,0,0,0,0,0.041,0.234,0,0.046,0,15,0
01/14/2021 00:45,18.07,18.13,17.99,96.9,0,1.61,1.544,312.1,16.38,898.343,0,0,0,0,0.039,0.234,0,0.048,0,15,0
01/14/2021 00:30,18.19,18.25,18.11,96.8,0,1.803,1.714,305.3,17.31,898.5826,0,0,0,0,0,0.033,0,0.002,0,15,0
01/14/2021 00:15,18.23,18.31,18.16,96.8,0,1.805,1.667,307.4,22.06,898.6246,0,0,0,0,0,0,0,0,0,15,0
01/14/2021 00:00,18.33,18.4,18.26,96.8,0,1.449,1.362,308.7,19.71,898.9416,0,0,0,0,0.04,0.201,0,0.044,0,15,0
01/13/2021 23:45,18.37,18.41,18.33,96.8,0,1.174,1.121,300.6,17.65,899.0649,0,0,0,0,0.041,0.167,0,0.045,0,15,0
01/13/2021 23:30,18.36,18.4,18.33,96.7,0,1.342,1.296,316.1,14.83,899.0651,0,0,0,0,0.042,0.201,0,0.045,5.45,8.65,0.9
01/13/2021 23:15,18.37,18.41,18.33,96.7,0,1.432,1.38,315,14.88,899.1862,0,0,0,0,0.039,0.234,0,0.047,15,0,0
01/13/2021 23:00,18.4,18.43,18.35,96.6,0,0.798,0.773,314.1,13.44,899.263,0,0,0,0,0.041,0.268,0,0.046,15,0,0
01/13/2021 22:45,18.42,18.53,18.33,96.6,0,0.83,0.792,320.7,17.49,899.463,0,0,0,0,0.041,0.201,0,0.046,15,0,0
01/13/2021 22:30,18.56,18.66,18.45,96.5,0,1.193,1.156,319,13.74,899.4626,0,0,0,0,0.042,0.234,0,0.05,15,0,0
01/13/2021 22:15,18.62,18.67,18.56,96.5,0,0.941,0.913,312.9,13.01,899.5059,0,0,0,0,0.042,0.201,0,0.047,15,0,0
01/13/2021 22:00,18.62,18.65,18.6,96.4,0,0.293,0.249,339.1,13.5,899.623,0,0,0,0,0.043,0.234,0,0.049,15,0,0
01/13/2021 21:45,18.64,18.68,18.6,96.4,0,0.43,0.404,353.1,15.1,899.5417,0,0,0,0,0.042,0.268,0,0.049,15,0,0
01/13/2021 21:30,18.64,18.68,18.6,96.4,0,0.071,0.066,351.2,8.63,899.4208,0,0,0,0,0.04,0.167,0,0.045,15,0,0
01/13/2021 21:15,18.66,18.71,18.61,96.3,0,0.085,0.082,320.7,6.3,899.3394,0,0,0,0,0.041,0.268,0,0.048,15,0,0
01/13/2021 21:00,18.71,18.8,18.61,96.2,0,0.381,0.366,345.2,12.48,899.18,0,0,0,0,0.039,0.201,0,0.045,15,0,0
01/13/2021 20:45,18.77,18.83,18.71,96.1,0,0.777,0.732,335.9,16.53,899.0961,0,0,0,0,0.038,0.201,0,0.044,15,0,0
01/13/2021 20:30,18.8,18.83,18.76,96.1,0,0.527,0.507,331.8,13.53,898.9364,0,0,0,0,0.04,0.201,0,0.045,15,0,0
01/13/2021 20:15,18.86,18.95,18.76,96.1,0,0.595,0.563,323.2,16.42,898.8949,0,0,0,0,0.042,0.234,0,0.046,15,0,0
01/13/2021 20:00,18.87,18.97,18.8,96.1,0,1,0.898,357.7,19.56,898.6915,0,0,0,0,0.037,0.167,0,0.043,15,0,0
01/13/2021 19:45,18.99,19.08,18.92,96,0,0.563,0.495,347.8,22.9,898.5291,0,0,0,0,0.046,0.201,0,0.047,15,0,0
01/13/2021 19:30,19.13,19.2,19.03,95.9,0,0.591,0.547,347.5,19.29,898.2807,0,0,0,0,0.038,0.201,0,0.041,15,0,0
01/13/2021 19:15,19.22,19.33,19.1,95.7,0,0.814,0.756,335.7,16.21,897.8767,0,0,0,0,0.042,0.234,0,0.048,15,0,0
01/13/2021 19:00,19.4,19.5,19.32,95.4,0,0.911,0.84,327.2,20.9,897.7161,0,0,0,0,0.046,0.234,0,0.05,15,0,0
01/13/2021 18:45,19.51,19.59,19.47,95.1,0,0.424,0.372,317.5,20.48,897.5125,0,0,0,0,0.041,0.234,0,0.049,15,0,0
01/13/2021 18:30,19.57,19.62,19.5,94.8,0,0.615,0.539,310.6,20.79,897.3922,0,0,0,0,0.042,0.234,0,0.045,15,0,0
01/13/2021 18:15,19.66,19.72,19.59,94.3,0,0.773,0.623,331.5,29.12,897.149,0,0,0,0,0.039,0.234,0,0.046,15,0,0
01/13/2021 18:00,19.75,19.82,19.69,93.1,0,0.667,0.609,355,22.74,896.9836,0,0,0,0,0.06,0.268,0,0.056,15,0,0
01/13/2021 17:45,19.83,19.85,19.79,91.8,0,0.012,0.011,307,6.32,896.5837,0,0,0,0,0.555,1.239,0,0.377,15,0,0
01/13/2021 17:30,19.93,20,19.84,91.3,0,0.096,0.093,99.1,4.96,896.502,1.7,6.05,0,1.74,4.289,10.52,1.172,2.513,15,0,0
01/13/2021 17:15,20.05,20.24,19.9,90,0,0.292,0.271,190.8,12.9,896.4593,14.79,22.35,6.1,4.41,21.78,31.72,10.52,5.689,15,0,0
01/13/2021 17:00,20.24,20.29,20.19,88.9,0,0.383,0.317,172.2,21.37,896.3336,26.11,37.37,19.42,5.94,37.31,53.12,28.07,8.22,15,0,0
01/13/2021 16:45,20.32,20.51,20.19,87.6,0,1.079,1.035,228.4,15.83,896.2889,53.89,68.37,37.37,8.93,77.05,98.5,53.23,13.56,15,0,0
01/13/2021 16:30,20.54,20.61,20.47,86.6,0,0.961,0.917,221.4,16.73,896.4401,81.4,97.3,68.46,8.81,117.6,140.5,98.6,12.93,15,0,0
01/13/2021 16:15,20.77,21.31,20.54,86.6,0,1.316,1.257,230.1,17.83,896.6771,110.7,125.3,97.4,7.54,159.6,180.7,140.5,10.96,15,0,0
01/13/2021 16:00,21.54,21.66,21.31,83.9,0,0.741,0.702,225.3,15.74,896.6699,146.1,166.4,125.5,12.02,208.4,231.8,180.8,16.29,15,0,0
01/13/2021 15:45,21.24,21.63,20.97,85.3,0,0.51,0.463,199.6,19.19,896.4984,170.1,172.7,165.8,2,231.7,235.8,220.2,3.839,15,0,0
01/13/2021 15:30,21.16,21.54,20.92,85.3,0,1.163,1.12,223.8,15.1,896.9736,148.2,170,136.2,9.49,206.7,242.7,196.6,9.89,15,0,0
01/13/2021 15:15,22.36,22.9,21.54,80.4,0,1.547,1.435,225.3,18.65,897.4142,386.1,641.1,170.9,122.2,517,836,244.4,155.6,15,0,0
01/13/2021 15:00,22.78,23.2,22.55,78.55,0,1.012,0.9,165.1,26.69,897.3785,268.2,400.1,179.8,53.69,367.6,540.4,253.8,67.88,15,0,0
01/13/2021 14:45,22.74,23.22,22.33,77.93,0,0.942,0.826,167.6,25.2,897.3413,341.6,506,182.8,83.6,460.6,664,256,104.8,15,0,0
01/13/2021 14:30,22.08,22.36,21.84,80.1,0,0.771,0.679,186.4,24.08,897.4669,340,567.4,146.6,132.6,450.7,736,212.3,165.3,15,0,0
01/13/2021 14:15,22.37,22.75,21.93,77.98,0,1.259,1.157,153.6,20.82,897.4698,208.4,308.9,126.2,58.62,287.3,420.7,183.9,74.98,15,0,0
01/13/2021 14:00,22.82,23.16,22.03,76.25,0,1.229,1.142,146.9,20.67,897.5538,412.6,791.8,216.2,205.7,540.4,1003,299.8,252.7,15,0,0
01/13/2021 13:45,21.41,22.03,21.27,81.2,0,0.744,0.683,219.7,13.4,897.1205,302.3,845,101.3,250.5,402.3,1085,140.9,316.2,15,0,0
01/13/2021 13:30,21.49,21.64,21.27,80.5,0,0.3,0.288,249.6,13.49,897.3518,145,201.1,99,35.53,202.4,283.2,136.9,51.44,15,0,0
01/13/2021 13:15,21.14,21.32,21.02,81.2,0,0.517,0.457,247.3,16.72,897.6351,153.4,176.3,139,11.64,221.2,253.5,200.9,16.4,15,0,0
01/13/2021 13:00,21.5,21.93,21.19,81,0,1.485,1.304,242,21.51,897.8781,417.9,962,144.5,194.1,556.8,1287,202.7,254.5,15,0,0
01/13/2021 12:45,21.11,21.59,20.7,83.8,0,1.572,1.481,224.9,20.32,897.1547,489.7,1015,288.2,185.6,654.2,1317,396.5,241.2,15,0,0
01/13/2021 12:30,20.49,20.74,20.33,85,0,1.919,1.762,222,18.83,897.2222,218.2,421.6,84,72.36,302.4,579.3,125.8,94.1,15,0,0
01/13/2021 12:15,21.42,22.06,20.7,82.3,0,1.367,1.192,178.3,28.29,898.6276,66.36,162.1,41.34,30.2,93.8,226.5,58.96,41.98,15,0,0
01/13/2021 12:00,22.4,22.93,21.96,76.01,0,1.621,1.551,231.9,16.04,899.066,353.1,850,163.3,211.7,462.4,1089,228.4,268.6,15,0,0
01/13/2021 11:45,23.06,23.4,22.68,73.83,0,0.587,0.317,209.4,46.72,899.314,298.4,731.2,224,78.88,395.1,1017,294.6,112.5,15,0,0
01/13/2021 11:30,23.04,23.47,22.78,70.67,0,0.373,0.298,152.5,22.47,899.7206,333.8,986,184.6,159.9,448,1337,257.2,208.3,15,0,0
01/13/2021 11:15,22.83,23.21,22.23,71.82,0,0.36,0.269,291.6,27.82,899.8937,504,1269,232.1,251.7,672.5,1645,324.4,320.4,15,0,0
01/13/2021 11:00,21.91,22.25,21.61,76.97,0,0.134,0.12,326.9,11.29,899.856,300.6,897,178.8,125.1,402.6,1318,233.9,171.7,15,0,0
01/13/2021 10:45,21.52,21.8,21.38,77.37,0,0.757,0.686,295.8,20.09,900.0288,271.7,761,168.8,129.2,356.7,972,230.8,160.5,15,0,0
01/13/2021 10:30,21.03,21.73,20.81,79.53,0,0.875,0.793,253.5,20.73,900.0665,441.9,954,220.1,259.8,567.3,1215,283.2,325.9,15,0,0
01/13/2021 10:15,20.96,21.16,20.79,79.85,0,0.785,0.634,236.2,19.44,900.2628,255.8,714.1,97.5,121,344.1,970,126.9,162.3,15,0,0
01/13/2021 10:00,21.11,21.55,20.87,79.43,0,0.501,0.414,175.4,22.24,900.5051,73.63,97.8,57.31,13.28,96.3,126.5,77.61,15.37,15,0,0
01/13/2021 09:45,21.76,22.29,21.5,74.75,0,0.6,0.492,157.7,30.82,900.6309,157.2,213.8,80.8,33.76,217.8,306,107.6,50.37,15,0,0
01/13/2021 09:30,22.21,22.47,21.93,72.01,0,0.485,0.308,136.3,19.23,900.686,387.9,904,193.2,181.6,503.3,1149,263.5,224.6,15,0,0
01/13/2021 09:15,22.02,22.42,21.75,74.92,0,0.57,0.473,161.6,18.43,900.5732,372.7,574.8,319.4,42.87,493.8,780.2,424,55.21,15,0,0
01/13/2021 09:00,21.73,21.9,21.65,76.63,0,0.414,0.311,140,32.92,900.4601,356.7,504.7,296.8,52.74,469.6,667.2,384.1,69.87,15,0,0
01/13/2021 08:45,21.56,21.72,21.34,79.78,0,0.448,0.312,147.2,27.82,900.5109,304.5,468,251,48.28,393.7,611.8,327.1,60.27,15,0,0
01/13/2021 08:30,20.9,21.35,20.36,83.1,0,0.204,0.086,242.2,31.17,900.5214,439.5,573.1,233.9,89.6,539.4,695.7,302.2,99.3,15,0,0
01/13/2021 08:15,19.91,20.41,19.47,88.9,0,0.207,0.186,360,13.62,900.3647,361.3,482.6,162.4,73.05,477.6,581.6,214.9,71.96,15,0,0
01/13/2021 08:00,19.03,19.49,18.67,92.4,0,0.701,0.646,344.4,17.96,900.3659,410.5,437.7,379,16.51,498.2,531.2,465.6,19.35,15,0,0
01/13/2021 07:45,18.41,18.68,18.13,95.5,0,0.995,0.965,359.7,14.6,900.0463,357.8,388.2,334.1,14.51,438.3,470.4,414.2,14.61,15,0,0
01/13/2021 07:30,18.01,18.25,17.73,96.6,0,1.017,0.969,352.1,17.43,899.8488,301.9,334.2,271.3,17.7,375.5,414.4,326.6,24.66,15,0,0
01/13/2021 07:15,17.77,18.21,17.56,97.1,0,0.949,0.914,355.4,13.01,899.5627,248,271.6,185.7,14.96,316.9,333.2,243.5,13.98,4.5,9.5,1
01/13/2021 07:00,17.51,18.08,17.36,97.2,0,0.591,0.317,5.07,11.62,899.5634,124.3,237,59.92,58.55,167.2,298.3,88.3,71.29,0,15,0
01/13/2021 06:45,17.41,17.48,17.36,97.2,0,1.354,1.286,328.8,14.35,899.2413,73.78,125.6,40.31,17.66,95.4,157.7,54.49,21.13,0,15,0
01/13/2021 06:30,17.44,17.51,17.38,97.2,0,1.315,1.269,318,14.64,899.0049,35.55,53.02,21.6,8.86,47.3,68.29,29.14,11.13,0,15,0
01/13/2021 06:15,17.35,17.43,17.26,97.2,0,1.258,1.207,318.9,15.94,898.9261,11.12,21.64,5.86,4.5,16.21,29.1,9.24,5.655,0,15,0
01/13/2021 06:00,17.25,17.29,17.19,97.2,0,1.581,1.512,317.3,16.17,898.7646,1.98,5.77,0,1.77,4.072,9.14,1.105,2.261,0,15,0
01/13/2021 05:45,17.21,17.24,17.17,97.2,0,1.752,1.688,319.9,15.04,898.5626,0,0,0,0,0.378,1.239,0,0.329,0,15,0
01/13/2021 05:30,17.21,17.26,17.17,97.2,0,1.769,1.696,320.8,16.32,898.441,0,0,0,0,0.04,0.234,0,0.045,0,15,0
01/13/2021 05:15,17.26,17.33,17.21,97.2,0,1.77,1.679,317.9,18.18,898.442,0,0,0,0,0.043,0.234,0,0.048,0,15,0
01/13/2021 05:00,17.36,17.43,17.29,97.1,0,1.704,1.628,319.2,17,898.4811,0,0,0,0,0.039,0.234,0,0.047,0,15,0
01/13/2021 04:45,17.41,17.44,17.36,97.1,0,1.693,1.6,315.1,18.83,898.4763,0,0,0,0,0.039,0.234,0,0.046,0,15,0
01/13/2021 04:30,17.4,17.44,17.36,97.1,0,1.499,1.42,319,18,898.4394,0,0,0,0,0.041,0.201,0,0.045,0,15,0
01/13/2021 04:15,17.38,17.41,17.34,97.1,0,1.537,1.473,321.9,16.45,898.2374,0,0,0,0,0.042,0.201,0,0.046,0,15,0
01/13/2021 04:00,17.37,17.43,17.31,97.1,0,1.56,1.504,319.6,14.89,898.1592,0,0,0,0,0.046,0.201,0,0.049,0,15,0
01/13/2021 03:45,17.3,17.34,17.26,97.1,0,1.39,1.319,321.7,17.86,897.9182,0,0,0,0,0.041,0.201,0,0.045,0,15,0
01/13/2021 03:30,17.25,17.31,17.19,97.1,0,1.644,1.562,320,17.86,897.7946,0,0,0,0,0,0.033,0,0.002,0,15,0
01/13/2021 03:15,17.26,17.31,17.21,97.1,0,1.609,1.552,319.1,15.19,897.7516,0,0,0,0,0,0,0,0,0,15,0
01/13/2021 03:00,17.32,17.41,17.26,97.1,0,1.403,1.368,313.9,12.58,897.6302,0,0,0,0,0.038,0.167,0,0.045,0,15,0
01/13/2021 02:45,17.46,17.53,17.37,97.1,0,1.226,1.182,316.2,14.93,897.6279,0,0,0,0,0.037,0.167,0,0.043,0,15,0
01/13/2021 02:30,17.58,17.66,17.48,97,0,1.721,1.663,307.2,14.03,897.7086,0,0,0,0,0,0.1,0,0.006,0,15,0
01/13/2021 02:15,17.66,17.71,17.61,97,0,1.403,1.346,314.5,15.75,897.7475,0,0,0,0,0,0,0,0,0,15,0
01/13/2021 02:00,17.77,17.86,17.68,97,0,1.862,1.768,315.2,17.06,897.8273,0,0,0,0,0.039,0.234,0,0.045,0,15,0
01/13/2021 01:45,17.81,17.86,17.76,97,0,2.068,1.966,314.9,17.81,897.9473,0,0,0,0,0.039,0.201,0,0.046,0,15,0
01/13/2021 01:30,17.87,17.91,17.81,97,0,1.865,1.764,313.2,17.58,898.1068,0,0,0,0,0,0.033,0,0.002,0,15,0
01/13/2021 01:15,17.84,17.89,17.79,97,0,1.703,1.657,307.3,13.05,898.2294,0,0,0,0,0,0,0,0,0,15,0
01/13/2021 01:00,17.85,17.91,17.79,97,0,1.203,1.174,313.3,11.78,898.4695,0,0,0,0,0.042,0.201,0,0.045,0,15,0
01/13/2021 00:45,17.91,17.96,17.84,96.9,0,1.626,1.585,309.7,12.72,898.5095,0,0,0,0,0.041,0.201,0,0.047,0,15,0
01/13/2021 00:30,17.95,18.05,17.91,96.9,0,1.502,1.436,318.8,16.49,898.7893,0,0,0,0,0,0.033,0,0.002,0,15,0
01/13/2021 00:15,17.96,18.01,17.91,96.9,0,1.486,1.424,313.3,15.64,898.8701,0,0,0,0,0,0,0,0,0,15,0
01/13/2021 00:00,18.04,18.11,17.96,96.9,0,1.079,1.045,303.1,12.43,899.0711,0,0,0,0,0.042,0.201,0,0.047,0,7.9,7.1
01/12/2021 23:45,18.13,18.2,18.08,96.9,0,0.897,0.872,313.1,12.79,899.1501,0,0,0,0,0.045,0.201,0,0.05,0,0,15
01/12/2021 23:30,18.04,18.11,17.98,96.9,0,0.363,0.343,345.3,12.2,899.2743,0,0,0,0,0.034,0.167,0,0.044,1.05,0,13.95
01/12/2021 23:15,18.04,18.11,17.94,96.8,0,0.62,0.601,324.3,13.82,899.3095,0,0,0,0,0.04,0.167,0,0.045,15,0,0
01/12/2021 23:00,18.06,18.1,18.01,96.8,0,1.007,0.976,311.2,12.54,899.2731,0,0,0,0,0.041,0.201,0,0.049,15,0,0
01/12/2021 22:45,18.05,18.13,17.99,96.8,0,1.427,1.376,306.2,14.79,899.1887,0,0,0,0,0.038,0.201,0,0.043,15,0,0
01/12/2021 22:30,18.04,18.14,17.99,96.7,0,1.393,1.356,308,13.04,899.3891,0,0,0,0,0.044,0.234,0,0.054,15,0,0
01/12/2021 22:15,18.05,18.13,17.99,96.7,0,0.686,0.648,320.5,16.5,899.5084,0,0,0,0,0.041,0.335,0,0.047,15,0,0
01/12/2021 22:00,18.03,18.08,17.98,96.7,0,1.152,1.091,322.6,18.63,899.5839,0,0,0,0,0.04,0.167,0,0.046,15,0,0
01/12/2021 21:45,18.07,18.19,18.01,96.6,0,1.414,1.348,322.2,17.1,899.5438,0,0,0,0,0.044,0.201,0,0.048,15,0,0
01/12/2021 21:30,18.2,18.29,18.09,96.5,0,1.396,1.304,326,20.15,899.3796,0,0,0,0,0.042,0.234,0,0.046,15,0,0
01/12/2021 21:15,18.4,18.53,18.28,96.3,0,1.539,1.469,315.6,15.9,899.2528,0,0,0,0,0.042,0.201,0,0.046,15,0,0
01/12/2021 21:00,18.83,19.05,18.48,96.1,0,1.416,1.345,319.2,17.32,899.2526,0,0,0,0,0.045,0.234,0,0.048,15,0,0
01/12/2021 20:45,19.12,19.22,19.02,96,0,0.896,0.838,328.4,20.7,899.3285,0,0,0,0,0.039,0.201,0,0.046,15,0,0
01/12/2021 20:30,19.28,19.33,19.2,95.7,0,0.563,0.493,324.6,18.98,899.3279,0,0,0,0,0.039,0.201,0,0.045,15,0,0
01/12/2021 20:15,19.24,19.28,19.22,95.3,0,0.155,0.149,305.7,6.65,899.2471,0,0,0,0,0.046,0.234,0,0.05,15,0,0
01/12/2021 20:00,19.26,19.32,19.22,95.2,0,0.105,0.102,300.8,4.87,899.0068,0,0,0,0,0.044,0.201,0,0.049,15,0,0
01/12/2021 19:45,19.29,19.33,19.25,95.2,0,0,0,0,0,898.8843,0,0,0,0,0.039,0.167,0,0.043,15,0,0
01/12/2021 19:30,19.36,19.45,19.28,95.1,0,0.045,0.039,193.7,8.15,898.679,0,0,0,0,0.042,0.234,0,0.046,15,0,0
01/12/2021 19:15,19.45,19.52,19.4,94.7,0,0.466,0.422,161.3,18.19,898.4382,0,0,0,0,0.039,0.167,0,0.043,15,0,0
01/12/2021 19:00,19.6,19.7,19.5,93.8,0,0.585,0.545,161.2,19.5,898.2382,0,0,0,0,0.041,0.234,0,0.048,15,0,0
01/12/2021 18:45,19.74,19.8,19.67,92.7,0,0.304,0.285,154.3,12.44,897.9123,0,0,0,0,0.041,0.234,0,0.048,15,0,0
01/12/2021 18:30,19.75,19.82,19.7,92.3,0,0.143,0.14,250.9,6.26,897.4255,0,0,0,0,0.041,0.234,0,0.048,15,0,0
01/12/2021 18:15,19.84,19.97,19.77,91.5,0,0.3,0.289,242.1,9.56,897.1846,0,0,0,0,0.048,0.268,0,0.05,15,0,0
01/12/2021 18:00,19.98,20.02,19.94,90.7,0,0.083,0.06,171,13.65,896.8606,0,0,0,0,0.094,0.402,0,0.086,15,0,0
01/12/2021 17:45,20.07,20.2,19.95,90.3,0,0.328,0.303,212.7,8.16,896.6962,1.31,3.02,0,1.26,2.578,6.163,0.201,1.837,15,0,0
01/12/2021 17:30,20.37,20.54,20.19,88.9,0,0.36,0.324,160.7,15.01,896.6925,8.36,19.42,3.02,4.92,16.09,31.25,6.13,7.372,15,0,0
01/12/2021 17:15,20.77,21.09,20.54,86.5,0,0.611,0.544,158.7,24.13,896.7298,25.24,28.25,19.51,1.89,37.47,42,31.45,2.361,15,0,0
01/12/2021 17:00,21.37,21.63,21.08,83.3,0,0.563,0.534,163.7,16.35,896.6852,44.96,61.71,26.6,11.13,66.96,93,38.32,17.19,15,0,0
01/12/2021 16:45,21.69,21.76,21.58,81,0,0.308,0.28,160.2,12.67,896.4779,54.73,63.45,42.95,5.38,84.5,94.7,70.98,6.259,15,0,0
01/12/2021 16:30,21.33,21.59,21.22,82.9,0,1.058,0.937,192.8,23.76,896.3473,52.13,66.76,42.57,8.12,80.2,99.6,70.25,8.61,15,0,0
01/12/2021 16:15,21.14,21.36,20.94,84,0,0.983,0.866,198.3,19.8,896.6196,71.66,91.5,50.46,11.58,113,146,84.4,18.9,15,0,0
01/12/2021 16:00,22.29,23.08,21.15,79.1,0,1.494,1.239,207.5,21.88,897.2581,164,270.4,83.9,68.01,249.9,482,130.4,110,15,0,0
01/12/2021 15:45,22.93,23.35,22.43,77.82,0,1.198,1.023,181.8,30.29,897.3743,269,385.3,165.8,61.97,369.2,582.5,247.6,94.5,15,0,0
01/12/2021 15:30,22.76,22.97,22.48,77.04,0,1.796,1.58,161.2,27.37,897.4117,411.9,484.5,209.8,49.98,446.8,667.6,177.1,166.9,15,0,0
01/12/2021 15:15,22.99,23.13,22.83,76.74,0,1.836,1.634,171.9,25.3,897.5741,489.1,608.8,191.5,128.2,651.8,813,279.7,165.9,15,0,0
01/12/2021 15:00,22.89,23.22,22.52,77.1,0,1.422,1.277,159.2,23.57,897.5413,393.2,693.4,152,191.2,522.1,919,208.5,247.2,15,0,0
01/12/2021 14:45,22.08,22.5,21.91,80.2,0,1.212,1.032,178.3,27.7,897.3878,388.9,667.1,186.8,164,526.1,875,258.7,209.4,15,0,0
01/12/2021 14:30,21.76,21.95,21.59,82.7,0,1.563,1.396,173,23.25,897.2695,240.2,555.7,182,55.29,332.7,808,248.4,77.32,15,0,0
01/12/2021 14:15,21.52,21.73,21.12,84.8,0,1.535,1.344,185.5,20.64,897.4716,303.2,873,170.1,136.6,407,1118,234.8,174.9,15,0,0
01/12/2021 14:00,21.08,21.27,20.75,86.3,0,1.978,1.861,229.4,19.3,897.4661,460.2,966,218,225.9,603.6,1311,292.3,289,15,0,0
01/12/2021 13:45,20.96,21.34,20.74,86.6,0,1.121,1.057,227.7,18.08,897.6245,162,919,67.04,143.9,223.2,1324,93.1,199.7,15,0,0
01/12/2021 13:30,22.06,23.09,21.27,82.2,0,0.835,0.669,235.8,31.04,898.0277,299.1,1130,153.1,187.3,396.1,1389,213.9,227.9,15,0,0
01/12/2021 13:15,21.65,22.48,21.27,84.2,0,0.553,0.341,188.2,38.83,897.7467,385.6,1138,162.5,335.1,501.5,1455,213.7,424.9,15,0,0
01/12/2021 13:00,21.42,21.76,21,84,0,0.868,0.64,195.4,24.17,897.9045,163.2,1080,57.21,157.6,223.6,1436,85.7,206.7,15,0,0
01/12/2021 12:45,21.64,21.81,21.44,82.7,0,0.828,0.649,203.7,28.69,898.4242,227.6,515.3,73.37,115.9,315.8,790.6,102,160.4,15,0,0
01/12/2021 12:30,21.93,22.3,21.42,80.3,0,0.88,0.771,256.6,23.23,898.5441,326.7,1164,104.8,220.5,444.4,1563,144.3,290,15,0,0
01/12/2021 12:15,22.21,22.38,22.08,79.96,0,0.822,0.666,343.9,32.03,898.9087,213.8,517.5,153,58.77,294.4,786.3,210.3,82.5,15,0,0
01/12/2021 12:00,22.24,22.43,21.79,77.13,0,0.859,0.753,288.3,23.28,899.275,504.4,1255,209.8,329.7,658.2,1668,270.1,425.6,15,0,0
01/12/2021 11:45,21.78,22.13,21.49,79.61,0,1.228,1.062,262.9,17.84,899.4435,602.4,1211,165.9,325,794.6,1645,231.5,438.4,15,0,0
01/12/2021 11:30,21.84,22.1,21.46,80.9,0.254,1.423,1.187,323.7,27.75,899.9769,326.4,1196,142.9,283.2,424.9,1567,188.8,363.8,15,0,0
01/12/2021 11:15,21.31,21.88,21.07,81.2,0,0.361,0.268,298.4,20.78,900.2176,426.7,1303,182.4,337,577.6,1714,249.6,439.5,15,0,0
01/12/2021 11:00,20.74,21.09,20.4,84.2,0,1.316,1.224,307.8,17.91,900.3826,389.5,1003,166.5,161.5,513.5,1377,222.3,217.6,15,0,0
01/12/2021 10:45,20.47,20.97,20.08,83.6,0,0.835,0.762,265.2,21.97,900.6693,275.1,579.2,161.9,132.2,365.9,780.6,221.3,170.7,15,0,0
01/12/2021 10:30,21.12,21.31,20.89,84.5,0,1.335,1.196,309.6,23.43,900.6278,276.9,411.6,206.6,46.6,375.9,591.3,281.7,57.47,15,0,0
01/12/2021 10:15,20.94,21.23,20.69,78.98,0,0.771,0.691,278.8,20.81,900.9095,270.3,705.6,156.6,125.2,367.5,1031,219.6,160.4,15,0,0
01/12/2021 10:00,20.89,21.13,20.45,77.63,0,0.811,0.709,236.8,29.12,900.9504,402.7,1080,236.1,183.3,532.7,1371,326.5,238.4,15,0,0
01/12/2021 09:45,20.96,21.63,20.42,82.6,0,1.038,0.509,303.4,33.7,900.8681,215,514.9,109.8,69.17,286.8,889,148.9,95.8,15,0,0
01/12/2021 09:30,22.1,22.62,21.63,79.75,0,0.738,0.5,308.2,27.69,901.0429,365.5,982,134.2,232.7,470.4,1286,178.2,295.4,15,0,0
01/12/2021 09:15,23.11,23.48,22.66,70.91,0,0.706,0.424,55.62,33.96,901.0969,458.8,970,240.9,212.8,591.3,1240,327.1,257.8,15,0,0
01/12/2021 09:00,22.43,23.23,21.3,74.54,0,0.342,0.227,113.7,27.33,900.8694,613.7,899,287.6,179.4,764.2,1086,381.3,213.2,15,0,0
01/12/2021 08:45,20.73,21.28,20.44,81.2,0,0.913,0.679,159.7,37.03,900.7526,300.2,893,179.1,188.4,384.9,1128,237.5,224.8,15,0,0
01/12/2021 08:30,20.74,21.13,20.39,81,0,1.027,0.605,186.4,41.76,900.5182,187.6,500.7,109.7,96.2,245.3,629.6,148,115.8,15,0,0
01/12/2021 08:15,20.94,21.17,20.8,81.3,0,0.867,0.795,210.6,21.04,900.6857,435.7,574.7,165.9,84.2,561.6,689.8,197.8,77.8,15,0,0
01/12/2021 08:00,20.87,21.25,20.43,82.1,0,0.705,0.617,151.3,24.12,900.6075,344.3,442.2,46.17,124.7,435.7,548.7,79.61,153.2,15,0,0
01/12/2021 07:45,21.3,21.64,20.67,81.4,0,0.984,0.882,129.1,24.55,900.813,344.1,404.8,106.5,55.43,411.8,491,128.5,64.85,15,0,0
01/12/2021 07:30,19.87,20.63,19.59,86.4,0,0.667,0.624,100.6,19.31,900.6561,214.9,356.7,56.47,112,271.1,430.5,86.4,127.3,15,0,0
01/12/2021 07:15,20.23,20.62,19.89,85.4,0,0.84,0.762,122.1,20.8,900.62,190.5,284.6,63.98,68.78,249.5,363.9,94.1,80.9,15,0,0
01/12/2021 07:00,18.84,19.91,17.96,92.5,0,0.705,0.685,129,11.8,900.2163,191.3,213.4,134.1,16.57,245.8,272.9,179.8,20.99,6.7,7.15,1.15
01/12/2021 06:45,17.79,18.01,17.54,95.1,0,0.65,0.637,133.5,9.21,900.0176,58.8,167.8,48.2,24.81,79.17,203.9,68.86,26.05,0,15,0
01/12/2021 06:30,17.37,17.58,17.26,95.9,0,0.527,0.507,129.2,12.77,899.8988,44.62,48.2,38.75,3.35,62.8,68.89,53.52,4.684,0,15,0
01/12/2021 06:15,17.14,17.29,16.97,96.6,0,0.556,0.452,195.3,25.36,899.4995,28.81,38.7,17.82,6.15,39.61,53.49,24.15,8.75,0,15,0
01/12/2021 06:00,16.86,16.99,16.77,96.9,0,0.819,0.801,137.5,8.83,899.2584,7.41,17.72,0,5.04,10.72,24.01,1.909,6.436,0,15,0
01/12/2021 05:45,16.78,16.84,16.74,96.9,0,0.804,0.798,146,4.28,899.0945,0,0,0,0,0.588,1.909,0,0.535,0,15,0
01/12/2021 05:30,16.82,16.87,16.74,96.9,0,0.72,0.7,162.3,9.04,899.0134,0,0,0,0,0.046,0.201,0,0.05,0,15,0
01/12/2021 05:15,16.68,16.76,16.62,96.7,0,0.646,0.642,146.2,4.17,899.0157,0,0,0,0,0.036,0.201,0,0.044,0,15,0
01/12/2021 05:00,16.88,17.06,16.72,96.6,0,0.718,0.703,128.3,5.76,898.8895,0,0,0,0,0.039,0.201,0,0.046,0,15,0
01/12/2021 04:45,17.22,17.41,17.02,96.6,0,0.339,0.193,74.58,13.45,898.6887,0,0,0,0,0.035,0.167,0,0.04,0,15,0
01/12/2021 04:30,17.37,17.43,17.33,96.7,0,1.309,1.265,346,13.69,898.5258,0,0,0,0,0.038,0.201,0,0.042,0,15,0
01/12/2021 04:15,17.33,17.39,17.24,96.8,0,1.041,0.937,335.6,18.48,898.5264,0,0,0,0,0.037,0.201,0,0.041,0,15,0
01/12/2021 04:00,17.31,17.43,17.18,97,0,0.851,0.815,332.8,12.67,898.402,0,0,0,0,0.035,0.234,0,0.043,0,15,0
01/12/2021 03:45,17.26,17.33,17.19,97,0,0.933,0.873,351.1,16.33,898.406,0,0,0,0,0.038,0.201,0,0.044,0,15,0
01/12/2021 03:30,17.19,17.26,17.14,97,0,1.108,1.016,336.9,8.19,898.2841,0,0,0,0,0,0.067,0,0.004,0,15,0
01/12/2021 03:15,17.16,17.24,17.11,97,0,0.698,0.68,332.7,5.86,898.2828,0,0,0,0,0,0,0,0,0,15,0
01/12/2021 03:00,17.27,17.34,17.21,97,0,0.744,0.698,343.6,10.73,898.2021,0,0,0,0,0.043,0.201,0,0.045,0,15,0
01/12/2021 02:45,17.3,17.38,17.21,97,0,1.25,1.221,350.7,9.28,898.201,0,0,0,0,0.042,0.234,0,0.048,0,15,0
01/12/2021 02:30,17.13,17.22,17.06,97,0,1.065,1.018,334.4,11.12,898.2407,0,0,0,0,0,0.033,0,0.002,0,15,0
01/12/2021 02:15,17.1,17.14,17.06,97,0,0.195,0.191,306.5,6.45,898.2807,0,0,0,0,0,0,0,0,0,15,0
01/12/2021 02:00,17.08,17.17,16.96,97.1,0,0.171,0.155,259.8,11.36,898.3173,0,0,0,0,0.038,0.234,0,0.046,0,15,0
01/12/2021 01:45,17.12,17.21,17.01,97.1,0,0.265,0.239,266.6,13.47,898.4349,0,0,0,0,0.037,0.167,0,0.044,0,15,0
01/12/2021 01:30,17.31,17.42,17.19,97.1,0,1.279,1.189,215.8,12.75,898.5137,0,0,0,0,0,0.067,0,0.004,0,15,0
01/12/2021 01:15,17.47,17.68,17.24,97.1,0,0.905,0.778,198.2,15.63,898.5531,0,0,0,0,0,0,0,0,0,15,0
01/12/2021 01:00,17.7,17.81,17.59,97.1,0,0.448,0.31,310,8.62,898.4721,0,0,0,0,0.036,0.268,0,0.048,0,15,0
01/12/2021 00:45,17.82,17.88,17.78,97.1,0,1.245,1.191,338,16.55,898.835,0,0,0,0,0.039,0.201,0,0.043,0,15,0
01/12/2021 00:30,17.91,18.01,17.83,97,0,1.277,1.215,328.2,17.49,898.9133,0,0,0,0,0,0.067,0,0.004,0,15,0
01/12/2021 00:15,18.03,18.11,17.96,97,0,1.819,1.759,323.2,14.47,899.1151,0,0,0,0,0,0,0,0,0,15,0
01/12/2021 00:00,18.07,18.13,18.01,97,0,1.801,1.74,323.6,14.82,899.1553,0,0,0,0,0.035,0.167,0,0.04,0,15,0
01/11/2021 23:45,18.15,18.2,18.1,97,0,2.044,1.933,316.7,18.81,899.3563,0,0,0,0,0.04,0.234,0,0.047,0,15,0
01/11/2021 23:30,18.23,18.3,18.11,97,0,1.905,1.802,318.6,18.09,899.5151,0,0.05,0,0.01,0.038,0.201,0,0.045,0,15,0
01/11/2021 23:15,18.22,18.28,18.1,97,0,2.038,1.917,318.1,19.58,899.6782,0,0,0,0,0.04,0.201,0,0.047,0,15,0
01/11/2021 23:00,18.2,18.28,18.11,96.9,0,2.111,2.015,321.7,16.44,899.6761,0,0,0,0,0.045,0.234,0,0.049,0,15,0
01/11/2021 22:45,18.29,18.41,18.18,96.9,0,2.133,2.056,318.5,15.05,899.7942,0,0,0,0,0.038,0.201,0,0.045,0,15,0
01/11/2021 22:30,18.36,18.41,18.26,96.9,0,1.904,1.791,314.9,18.13,899.7959,0,0,0,0,0.037,0.201,0,0.044,0,15,0
01/11/2021 22:15,18.42,18.5,18.35,96.9,0,1.79,1.682,316.5,19.62,900.0787,0,0.05,0,0,0.042,0.201,0,0.048,0,15,0
01/11/2021 22:00,18.49,18.55,18.43,96.9,0,2.088,1.94,318,21.41,900.0367,0,0,0,0,0.035,0.201,0,0.045,0,15,0
01/11/2021 21:45,18.53,18.6,18.48,96.8,0,2.139,2.02,313.8,20.45,900.2373,0,0,0,0,0.039,0.201,0,0.048,0,15,0
01/11/2021 21:30,18.56,18.63,18.5,96.8,0,2.202,2.087,316.1,18.06,900.2355,0,0,0,0,0.039,0.167,0,0.043,0,15,0
01/11/2021 21:15,18.6,18.63,18.56,96.8,0,1.676,1.549,324.5,22.05,900.4773,0,0,0,0,0.035,0.201,0,0.042,0,15,0
01/11/2021 21:00,18.65,18.7,18.58,96.7,0,1.687,1.58,323.2,20.46,900.5986,0,0,0,0,0.039,0.234,0,0.049,0,15,0
01/11/2021 20:45,18.7,18.78,18.65,96.7,0,1.772,1.623,321,23.25,900.4742,0,0,0,0,0.038,0.201,0,0.044,0,15,0
01/11/2021 20:30,18.81,18.87,18.75,96.6,0,2.206,2.078,315.7,19.39,900.6731,0,0,0,0,0.032,0.201,0,0.043,0,15,0
01/11/2021 20:15,18.86,18.9,18.8,96.6,0,1.494,1.343,320.1,22.68,900.6331,0,0,0,0,0.041,0.201,0,0.047,0,15,0
01/11/2021 20:00,18.87,18.93,18.82,96.5,0,0.888,0.814,327.8,21.25,900.7521,0,0,0,0,0.042,0.201,0,0.046,0,15,0
01/11/2021 19:45,18.94,19.02,18.87,96.4,0,1.16,1.021,334.4,26.12,900.6287,0,0,0,0,0.044,0.268,0,0.05,0,15,0
01/11/2021 19:30,18.94,19,18.9,96.4,0,1.05,0.893,326.5,28.67,900.227,0,0,0,0,0.04,0.234,0,0.044,0,15,0
01/11/2021 19:15,18.92,18.98,18.87,96.2,0,1.997,1.796,319.9,25.11,899.8231,0,0,0,0,0.043,0.234,0,0.048,0,15,0
01/11/2021 19:00,19.02,19.08,18.95,96,0,1.105,0.976,328.6,25.49,899.543,0,0,0,0,0.038,0.167,0,0.044,0,15,0
01/11/2021 18:45,18.91,19,18.8,95.8,0,0.662,0.59,328.7,19.89,899.501,0,0,0,0,0.038,0.234,0,0.047,0,15,0
01/11/2021 18:30,18.81,18.83,18.76,95.5,0,0.374,0.334,346.2,10.57,899.1366,0,0,0,0,0.041,0.167,0,0.046,0,15,0
01/11/2021 18:15,18.74,18.8,18.68,94.8,0,0.827,0.787,340.5,14.65,898.772,0,0,0,0,0.039,0.201,0,0.048,0,11.95,3.05
01/11/2021 18:00,18.87,19.1,18.71,93.5,0,0.371,0.319,260.4,9.15,898.8074,0,0,0,0,0.09,0.368,0,0.086,14.15,0,0.85
01/11/2021 17:45,19.32,19.48,19.08,92.6,0,0.372,0.324,226.8,9.68,898.7653,0.07,0.61,0,0.15,1.542,3.215,0.234,0.867,15,0,0
01/11/2021 17:30,19.66,19.87,19.47,91.6,0,0.324,0.268,179.8,17.86,898.7191,2.02,4.68,0.52,1.3,7.058,12.09,3.048,2.886,15,0,0
01/11/2021 17:15,19.92,20.05,19.84,90.6,0,1.015,0.963,180.7,16.42,898.7613,24.38,49.52,4.68,12.87,35.03,64.75,12.16,15.38,15,0,0
01/11/2021 17:00,19.87,20.05,19.7,91.6,0,0.275,0.24,189.4,19.7,898.5569,53.54,72.34,40.35,7.85,71.3,98,60.09,8.36,15,0,0
01/11/2021 16:45,19.77,19.92,19.65,91.3,0,0.916,0.876,229.5,15.85,898.2733,95,138,72.91,20.82,131.7,185.7,98.7,25,15,0,0
01/11/2021 16:30,20.31,20.63,19.9,89.7,0,0.673,0.644,228.6,15.85,897.9125,87.5,119.2,55.8,17.39,118.2,158.9,74.83,23.62,15,0,0
01/11/2021 16:15,19.9,20.46,19.53,92.4,0,0.474,0.403,191.5,14.94,897.0269,124.9,170.5,49.47,32.16,166.5,226.4,72.28,38.41,5.55,8.4,1.05
01/11/2021 16:00,19.58,19.63,19.52,93.1,0,0.307,0.21,250.7,27.97,896.6181,35.84,64.35,13.84,13.88,53.03,92.8,21.54,19.33,0,15,0
01/11/2021 15:45,19.55,19.65,19.48,92.4,0,0.547,0.245,294.8,27.45,896.4556,11.72,13.84,9.97,0.96,18.31,21.37,15.91,1.368,11.05,3.65,0.3
01/11/2021 15:30,19.8,19.9,19.63,90.7,0,0.57,0.518,236.3,17.9,896.2534,25.64,41.72,13.84,9.49,35.42,56.71,20.84,12.37,15,0,0
01/11/2021 15:15,19.7,19.82,19.62,90.5,0,0.731,0.625,244.3,19.72,896.2486,40.57,54.48,30.99,7.41,58.35,79.32,44.35,10.84,15,0,0
01/11/2021 15:00,19.81,19.92,19.73,89.6,0,1.347,1.275,231.5,16.96,896.2843,61.38,106.5,33.4,20.09,88.2,153.4,48.84,28.2,15,0,0
01/11/2021 14:45,20.36,20.74,19.9,87.7,0,1.824,1.747,229.1,15.74,896.2694,79.66,144.7,50.03,27.74,115.6,209.9,71.65,39.72,15,0,0
01/11/2021 14:30,20.19,20.77,19.98,89.5,0,1.404,1.315,229.1,18.49,896.2947,220.8,800,55.47,201.8,300.3,1057,82.4,260.9,15,0,0
01/11/2021 14:15,20.17,20.35,20.03,89.2,0,0.886,0.772,226.2,22.6,896.4817,72.8,162.8,52.96,23.07,106.7,232.6,77.19,31.79,15,0,0
01/11/2021 14:00,20.92,21.67,20.33,85.6,0,1.532,1.412,215,20.21,897.2731,106.6,158.2,79.41,18.42,151.8,226.4,101.6,29.48,15,0,0
01/11/2021 13:45,22.72,23.32,21.64,76.36,0,0.832,0.641,230,22.58,898.7544,182.5,282.1,97.9,52.25,255.4,387.6,136.9,69.13,15,0,0
01/11/2021 13:30,23.76,24.1,23.32,70.89,0,0.727,0.133,295.8,33.84,899.3252,672.7,1095,173.1,336.4,884,1454,245.4,438,15,0,0
01/11/2021 13:15,23.26,23.85,22.6,72.23,0,0.765,0.6,316.6,31.58,899.5717,763.4,1011,402.8,131.5,999,1356,548.5,170.3,15,0,0
01/11/2021 13:00,22.77,22.93,22.29,75.27,0,1.348,1.146,326.9,27.3,899.8592,854,919,753.7,46.31,1093,1179,965,60.41,15,0,0
01/11/2021 12:45,22.38,22.73,22.03,77.25,0,1.473,1.295,319.3,27.42,900.0673,488.2,1230,257.5,269,654,1693,360.2,344.9,15,0,0
01/11/2021 12:30,22.21,22.73,21.69,77.91,0,1.708,1.535,317.3,23.1,900.3519,511.9,1275,201.7,322.7,682.7,1657,292.7,416.2,15,0,0
01/11/2021 12:15,21.93,22.45,21.67,77.66,0,1.399,1.273,318,23.32,900.7139,418.3,1164,213.1,242.4,556.3,1640,284.1,325.1,15,0,0
01/11/2021 12:00,22.43,22.65,21.98,76.97,0,1.738,1.557,325.5,25.43,900.8868,801,1218,304.7,285.6,1043,1620,401.4,365.4,15,0,0
01/11/2021 11:45,21.32,21.95,21.06,82.3,0,1.253,1.052,322,28.97,900.9326,509.4,1275,147.4,312.4,684.2,1640,212,406.8,15,0,0
01/11/2021 11:30,21.22,21.46,21.01,83.3,0,1.048,0.903,324.7,25.28,901.2975,296.9,653.7,152.6,115.8,410.4,913,214.8,153.7,15,0,0
01/11/2021 11:15,21.19,21.36,20.96,82.6,0,0.844,0.708,321.8,30.74,901.4214,343.6,574.1,246.7,69.63,465.9,771.8,338.8,92.1,15,0,0
01/11/2021 11:00,21.19,21.39,20.72,83.7,0,0.72,0.652,321.3,22.02,901.5492,458.4,875,279.8,122.1,612.6,1138,377.2,159.5,15,0,0
01/11/2021 10:45,20.68,20.88,20.47,84.8,0,1.282,1.101,321.3,28.77,901.8861,503.9,1270,247.1,264.8,672.3,1631,343.6,335.9,15,0,0
01/11/2021 10:30,20.09,20.57,19.89,87.8,0,1.437,1.317,325.2,22.55,902.0939,436.4,1227,226.1,165.2,588.5,1611,310,221.5,15,0,0
01/11/2021 10:15,19.88,20.04,19.72,88.1,0,1.436,1.349,323,19.45,902.0535,297.7,418.1,218.6,54.53,415.5,590.4,305.5,71.73,15,0,0
01/11/2021 10:00,19.87,20.09,19.63,88.3,0,1.019,0.888,333.2,25.54,902.0579,211.5,637.1,154.5,54.84,292.8,747.3,212.9,62.26,15,0,0
01/11/2021 09:45,19.81,20.24,19.37,89.2,0,1.043,0.893,343,26.44,901.9825,367.7,848,256.4,109.3,497.4,1129,351.2,141.7,15,0,0
01/11/2021 09:30,19.12,19.38,18.88,91.8,0,1.051,0.963,321.3,21.98,901.9437,231.1,348.8,144.1,47.29,311.5,466.5,195.7,63.4,15,0,0
01/11/2021 09:15,18.78,18.91,18.66,92.7,0,0.803,0.754,313.1,18.53,901.8221,184.4,228.3,147.9,21.6,254.1,311.9,209,26.79,15,0,0
01/11/2021 09:00,18.83,18.95,18.7,92.3,0,0.84,0.792,315.5,17.43,901.943,142.4,175.4,113.9,18.46,199.5,245.8,160.4,25.9,15,0,0
01/11/2021 08:45,18.91,19.12,18.75,93.1,0,0.845,0.766,324.1,21.45,901.9868,193.9,255.8,146.3,38.77,270.8,349.6,205.1,49.89,15,0,0
01/11/2021 08:30,18.97,19.42,18.36,95.9,0,0.477,0.433,4.14,18.92,901.8362,533.8,880,188.6,225.4,668.2,1087,268.4,261.9,15,0,0
01/11/2021 08:15,17.92,18.36,17.74,96.9,0,0.612,0.523,15.88,24.99,901.7637,303.6,682.5,186.4,115.4,403.2,848,254,135.5,15,0,0
01/11/2021 08:00,17.84,18.01,17.61,97,0,0.845,0.756,335.1,15.12,901.4119,196.7,255.3,140.2,31.69,261,336.1,185.6,41.81,15,0,0
01/11/2021 07:45,17.63,17.86,17.48,97.1,0,1.35,1.282,314.6,16.37,901.1703,165.1,252.5,99.1,36.44,219.3,330.1,133.2,46.29,15,0,0
01/11/2021 07:30,17.58,17.86,17.38,97.1,0,1.097,1.026,319,17.22,900.6481,215.2,323.3,132.1,49.05,276.3,399.4,175.7,58.51,15,0,0
01/11/2021 07:15,17.32,17.43,17.17,97.2,0,1.279,1.207,308.2,12.55,900.4926,180.5,296,127.3,38.89,233,382.3,163.9,51.8,7.95,5.1,1.95
01/11/2021 07:00,17.27,17.39,17.17,97.2,0,0.605,0.532,338.7,19.83,900.337,104.8,149.1,65.68,25.44,135.5,188.7,87.7,30.86,0,15,0
01/11/2021 06:45,17.18,17.28,17.11,97.2,0,0.8,0.737,325.9,16.87,900.1737,93.5,139,57.7,22.23,117.9,168.4,75.02,25.61,0,15,0
01/11/2021 06:30,17.08,17.19,16.99,97.2,0,0.61,0.577,334.7,18.22,900.0176,61.69,95.2,32.75,16.35,76.11,114.7,41.97,18.93,0,15,0
01/11/2021 06:15,16.77,17.01,16.62,97.2,0,0.992,0.928,322.8,12.87,899.6951,18.85,37,4.25,10.33,27.03,44.38,13.2,9.16,0,15,0
01/11/2021 06:00,16.83,16.99,16.7,97.2,0,0.288,0.255,302.3,18.44,899.6127,1.04,4.21,0,1.33,6.403,13.16,1.842,3.231,0,15,0
01/11/2021 05:45,17.15,17.26,16.96,97.1,0,1.333,1.296,302,11.7,899.5277,0,0,0,0,0.629,1.909,0,0.518,0,15,0
01/11/2021 05:30,17.29,17.34,17.22,97.1,0,1.398,1.355,305.2,13.63,899.2871,0,0,0,0,0.05,0.201,0,0.05,0,15,0
01/11/2021 05:15,17.33,17.36,17.29,97.1,0,1.6,1.534,306.1,16.54,899.1255,0,0,0,0,0.042,0.234,0,0.047,0,15,0
01/11/2021 05:00,17.29,17.34,17.22,97.1,0,1.206,1.169,296.4,13.96,899.0458,0,0,0,0,0.048,0.201,0,0.047,0,15,0
01/11/2021 04:45,17.29,17.34,17.22,97.1,0,1.036,1.004,305.3,13.59,898.8871,0,0.05,0,0,0.042,0.201,0,0.046,0,15,0
01/11/2021 04:30,17.16,17.26,17.07,97.1,0,0.887,0.861,306.2,12.89,898.9675,0.01,0.1,0,0.02,0.037,0.268,0,0.044,0,15,0
01/11/2021 04:15,17.13,17.28,17.02,97.1,0,1.108,1.078,304.6,13.11,898.7647,0,0,0,0,0.037,0.167,0,0.044,0,15,0
01/11/2021 04:00,17.17,17.26,17.06,97.1,0,1.05,1.005,316.1,15.97,898.5255,0,0.05,0,0.01,0.037,0.234,0,0.046,0,15,0
01/11/2021 03:45,17.1,17.16,17.04,97.1,0,1.256,1.23,309,11.17,898.5651,0,0,0,0,0.042,0.201,0,0.048,0,15,0
01/11/2021 03:30,17.13,17.17,17.09,97.1,0,1.364,1.338,316.3,10.48,898.4464,0,0,0,0,0,0.033,0,0.002,0,15,0
01/11/2021 03:15,17.16,17.23,17.07,97.1,0,1.009,0.976,321,13.67,898.4041,0,0,0,0,0,0,0,0,0,15,0
01/11/2021 03:00,17.1,17.16,17.01,97.1,0,1.14,1.104,311.3,11.17,898.4042,0,0,0,0,0.037,0.167,0,0.043,0,15,0
01/11/2021 02:45,17.08,17.16,17.01,97.1,0,1.162,1.148,310.2,8.38,898.2809,0,0,0,0,0.045,0.234,0,0.049,0,15,0
01/11/2021 02:30,17.12,17.19,17.06,97,0,0.949,0.887,315.3,20.29,898.2783,0,0,0,0,0,0.134,0,0.008,0,15,0
01/11/2021 02:15,17.14,17.21,17.07,97,0,0.903,0.87,327.4,13.09,898.3577,0,0,0,0,0,0,0,0,0,15,0
01/11/2021 02:00,17.22,17.29,17.16,97,0,0.503,0.482,297.9,13.56,898.6005,0,0,0,0,0.039,0.234,0,0.047,0,15,0
01/11/2021 01:45,17.22,17.28,17.17,97,0,0.297,0.227,23.89,16.35,898.8055,0,0,0,0,0.04,0.167,0,0.045,0,15,0
01/11/2021 01:30,17.18,17.21,17.14,97,0,0.621,0.34,15.93,21.77,898.9604,0,0,0,0,0,0,0,0,0,15,0
01/11/2021 01:15,17.2,17.24,17.16,96.9,0,1.139,1.1,320.9,14.55,898.8857,0,0,0,0,0,0,0,0,0,15,0
01/11/2021 01:00,17.23,17.26,17.19,96.9,0,1.393,1.354,319.4,13.15,898.9691,0,0,0,0,0.041,0.201,0,0.046,0,15,0
01/11/2021 00:45,17.22,17.28,17.16,96.8,0,1.105,1.062,314,15.13,899.1703,0,0,0,0,0.038,0.201,0,0.043,0,15,0
01/11/2021 00:30,17.16,17.24,17.07,96.7,0,1.094,1.019,321.4,20.25,899.2502,0,0,0,0,0,0.1,0,0.006,0,15,0
01/11/2021 00:15,17.04,17.11,16.99,96.3,0,1.176,1.114,339.4,14.83,899.3333,0,0,0,0,0,0,0,0,0,15,0
01/11/2021 00:00,17.14,17.28,17.02,95.4,0,0.331,0.237,355.5,16.53,899.4524,0,0,0,0,0.04,0.167,0,0.044,0,15,0
01/10/2021 23:45,17.33,17.46,17.24,94.6,0,0.559,0.52,120.4,16.6,899.7336,0,0,0,0,0.037,0.167,0,0.039,0,15,0
01/10/2021 23:30,17.33,17.46,17.26,94.9,0,0.462,0.411,192.8,20.92,899.7303,0,0,0,0,0.042,0.234,0,0.045,0,15,0
01/10/2021 23:15,17.35,17.44,17.29,95.1,0,0.36,0.304,145.7,8.76,899.7717,0,0,0,0,0.046,0.201,0,0.048,0,15,0
01/10/2021 23:00,17.51,17.56,17.43,94.8,0,0.523,0.457,143.3,19.71,899.7314,0,0,0,0,0.04,0.201,0,0.045,0,15,0
01/10/2021 22:45,17.47,17.56,17.41,95.1,0,0.764,0.626,155.6,30.73,899.7276,0,0,0,0,0.04,0.201,0,0.046,0,15,0
01/10/2021 22:30,17.46,17.56,17.36,96.2,0,1.304,1.062,186.9,35.81,899.7697,0,0,0,0,0.044,0.167,0,0.045,0,15,0
01/10/2021 22:15,17.44,17.51,17.39,96.2,0,1.26,1.091,159.4,20.43,899.8063,0,0,0,0,0.039,0.268,0,0.049,0,15,0
01/10/2021 22:00,17.41,17.46,17.37,96.3,0,0.955,0.91,150.6,14.6,899.926,0,0,0,0,0.042,0.201,0,0.044,0,15,0
01/10/2021 21:45,17.46,17.54,17.37,96.5,0,0.913,0.871,171.8,14.72,899.9654,0,0,0,0,0.041,0.201,0,0.048,0,15,0
01/10/2021 21:30,17.48,17.54,17.39,96.5,0,0.816,0.789,168.8,13.29,899.962,0,0,0,0,0.037,0.234,0,0.046,0,15,0
01/10/2021 21:15,17.33,17.46,17.21,96.5,0,0.601,0.56,175.3,18.33,899.7609,0,0,0,0,0.038,0.234,0,0.045,0,15,0
01/10/2021 21:00,17.48,18,17.21,96.7,0,0.828,0.64,94.1,29.34,899.5986,0,0,0,0,0.042,0.234,0,0.046,0,15,0
01/10/2021 20:45,18.09,18.21,17.84,96.8,0,1.045,0.93,330.2,20,899.196,0,0,0,0,0.036,0.167,0,0.042,0,15,0
01/10/2021 20:30,18.22,18.33,18.15,96.8,0,1.411,1.275,326.3,23.44,899.1554,0,0,0,0,0.043,0.234,0,0.048,0,15,0
01/10/2021 20:15,18.34,18.42,18.26,96.8,0,1.807,1.621,326.9,24.51,898.9139,0,0,0,0,0.04,0.201,0,0.045,0,15,0
01/10/2021 20:00,18.37,18.4,18.31,96.8,0,2.1,1.9,331.3,23.14,898.7108,0,0,0,0,0.041,0.268,0,0.048,0,15,0
01/10/2021 19:45,18.32,18.35,18.28,96.7,0.254,2.753,2.557,322.3,21.53,898.1852,0,0,0,0,0.038,0.234,0,0.048,0,15,0
01/10/2021 19:30,18.33,18.4,18.28,96.6,0,2.356,2.148,321.9,24.21,898.225,0,0,0,0,0.04,0.234,0,0.047,0,15,0
01/10/2021 19:15,18.3,18.35,18.25,96.6,0.254,1.697,1.537,326.1,25.58,898.5022,0,0,0,0,0.037,0.201,0,0.045,0,15,0
01/10/2021 19:00,18.23,18.3,18.16,96.4,0,1.675,1.5,343.7,25.9,898.7441,0,0,0,0,0.041,0.201,0,0.045,0,15,0
01/10/2021 18:45,18.38,18.41,18.28,96.2,0,1.452,1.329,332.7,23.47,898.8672,0,0,0,0,0.04,0.234,0,0.047,0,15,0
01/10/2021 18:30,18.4,18.45,18.36,95.9,0,0.962,0.901,330.2,20.48,898.8262,0,0,0,0,0.038,0.167,0,0.044,0,15,0
01/10/2021 18:15,18.39,18.41,18.35,95.5,0,0.679,0.656,348.3,13.97,898.9871,0,0,0,0,0.048,0.201,0,0.048,0,15,0
01/10/2021 18:00,18.36,18.4,18.3,95.2,0,0.144,0.13,328.6,6.94,898.8675,0,0,0,0,0.094,0.402,0,0.081,0,15,0
01/10/2021 17:45,18.35,18.43,18.31,94.7,0,0.842,0.821,308.6,8.95,898.5052,0.67,3.4,0,0.88,1.753,5.024,0.134,1.24,0,15,0
01/10/2021 17:30,18.34,18.41,18.28,94.4,0,0.918,0.846,335.4,12.2,897.9763,6.64,10.3,3.45,1.87,8.66,14.03,5.125,2.279,0,15,0
01/10/2021 17:15,18.25,18.35,18.19,93.6,0,0.406,0.397,348.3,8.54,897.769,13.35,15.55,10.35,1.26,19.94,21.97,14.1,1.739,0,15,0
01/10/2021 17:00,18.32,18.51,18.19,92.1,0.254,0.371,0.349,275.2,15.75,897.6047,12.22,14.41,6.66,2.14,20.93,24.89,12.79,3.432,0,15,0
01/10/2021 16:45,18.52,18.56,18.46,89.8,0,0.811,0.73,226.5,23.8,897.5195,7.69,15.4,3.02,4.45,14.18,25.05,8.54,6.052,6.5,6.4,2.1
01/10/2021 16:30,18.56,18.63,18.51,89.7,0,0.966,0.889,233.4,19.95,897.3532,27.41,52.21,13.99,10.5,44.33,81.2,22.84,15.62,0,14.65,0.35
01/10/2021 16:15,18.82,19.01,18.59,90.6,0,0.615,0.517,272,27.53,897.2656,21.67,51.93,8.74,12.35,36.26,81.1,15.51,19.26,2.75,12,0.25
01/10/2021 16:00,19.08,19.26,18.91,91.2,0,0.63,0.589,238.2,19.97,897.2237,16.82,23.29,11.29,3.63,27.65,37.45,20.23,5.414,13.5,0,1.5
01/10/2021 15:45,19.6,20.04,19.25,89.9,0,0.776,0.658,291.1,28,897.7413,7.5,13.23,3.59,3.32,15.16,25.46,8.44,5.482,15,0,0
01/10/2021 15:30,20.34,20.54,20.04,86.6,0,0.968,0.908,242,19.4,897.9403,95,462.7,7.75,102.1,134,639.5,14.84,137.5,15,0,0
01/10/2021 15:15,20.47,20.64,20.3,85.3,0,0.947,0.894,231.2,18.16,897.7388,182.6,319.4,84.8,75.75,259.8,448.6,124,102.7,12.9,1,1.1
01/10/2021 15:00,20.46,20.72,20.1,85.2,0,0.889,0.818,221.3,20.05,897.8137,208,310.3,158.7,44.54,291.3,439,223.7,60.63,15,0,0
01/10/2021 14:45,20.12,20.22,20.05,86,0,0.719,0.668,241.5,17.32,898.0562,149.2,233.6,121.6,30.3,219.5,332.6,181.9,40.78,15,0,0
01/10/2021 14:30,20.36,20.86,20.12,84.2,0,1.615,1.52,225.8,19.44,898.3787,241.1,436.6,195.5,26.87,340.1,426.9,279.8,29.92,15,0,0
01/10/2021 14:15,20.41,20.91,19.98,84.5,0,1.217,1.119,237.3,21.96,898.1806,441.3,949,240.5,217.3,593.4,1257,337.7,269,15,0,0
01/10/2021 14:00,19.95,20.1,19.8,86.6,0,1.333,1.214,240.8,23.39,897.9346,256.1,419.1,202.7,41.31,361.6,616.5,284.1,60.06,15,0,0
01/10/2021 13:45,19.8,19.95,19.7,87,0,2.265,2.136,229.2,19.34,897.931,285.4,549.4,185.4,71.95,400.4,844,268,97,15,0,0
01/10/2021 13:30,19.72,19.95,19.56,87.7,0,1.665,1.572,228.4,18.61,898.2939,215.9,296.1,113.9,52.75,309.1,425.1,172.9,69.82,15,0,0
01/10/2021 13:15,20.28,20.79,19.83,85.5,0,1.242,1.157,236.8,20.04,899.1331,224.8,947,101.4,144.4,310,1284,150.3,186.8,15,0,0
01/10/2021 13:00,21.12,21.48,20.77,84.2,0,0.853,0.734,199.5,26.81,899.4137,231,390.4,142.5,40.3,331.2,574,206.9,55,15,0,0
01/10/2021 12:45,21.46,21.63,21.28,83,0,0.967,0.784,171.9,26.8,899.7063,245.7,521.5,141.5,92.1,341.3,684.7,204.3,123.6,15,0,0
01/10/2021 12:30,20.51,21.38,19.95,86.9,0,0.861,0.834,242.6,12.86,899.4677,434.5,1171,208.8,230.5,586.6,1612,292.6,291.2,15,0,0
01/10/2021 12:15,20.12,20.57,19.7,87.7,0,1.027,0.966,239.4,17.78,899.4553,219,1106,57.22,202,300.1,1530,80.7,281.6,13.05,0.45,1.5
01/10/2021 12:00,20.67,21.07,20.47,86.2,0,0.537,0.509,232.8,13.05,900.0966,115.9,175.8,57.03,29.25,167.5,249.1,80.7,41.98,14.9,0,0.1
01/10/2021 11:45,21.02,21.26,20.72,83.3,0,0.611,0.51,267.2,27.74,900.2926,280.7,1168,146.7,139.1,393.8,1531,218,193.2,15,0,0
01/10/2021 11:30,20.83,21.16,20.69,83.1,0,0.471,0.439,236.9,16.02,900.5704,141.7,230.2,111.5,24.73,199.3,311,158.7,29.75,15,0,0
01/10/2021 11:15,21.27,21.42,21.09,81.8,0,0.389,0.346,258.5,23.94,900.7289,259.9,351,205.4,36.98,355.1,484.1,283.1,51.72,15,0,0
01/10/2021 11:00,21.65,22.06,21.42,80.8,0,0.546,0.434,325.3,26.07,900.9293,190.9,240.2,127.3,33.76,274.3,341,175.8,51.31,15,0,0
01/10/2021 10:45,22.05,22.28,21.78,78.95,0,0.684,0.546,153,28.44,901.1727,388.3,1166,213.7,212.3,523.8,1527,301.4,272.1,15,0,0
01/10/2021 10:30,22.18,22.38,21.81,77.9,0,0.751,0.627,163.6,26.05,901.2601,379.4,774.5,295.7,86.5,519.7,1075,414,114.5,15,0,0
01/10/2021 10:15,22.11,22.5,21.33,77.56,0,0.448,0.239,154.5,23.42,901.431,496.9,986,213.7,221,655.4,1252,295.3,268.4,15,0,0
01/10/2021 10:00,21.3,21.82,21.06,80.6,0,0.269,0.212,314.3,15.33,901.4451,275.5,503.3,211.7,56.56,371.1,743.7,287.4,77.6,15,0,0
01/10/2021 09:45,21.59,22.19,20.59,78.53,0,0.855,0.602,16.97,40.35,901.455,717.8,1055,325.8,235,907,1336,431.8,285.1,15,0,0
01/10/2021 09:30,20.27,20.56,19.96,84,0,0.466,0.45,350.9,11.47,901.3796,309.8,886,222.8,126.1,403.9,1134,292.3,158.7,15,0,0
01/10/2021 09:15,19.79,19.96,19.65,86.4,0,0.823,0.794,356.5,13.99,901.549,248,353.9,203.1,34.34,329,493,270.3,44.39,15,0,0
01/10/2021 09:00,19.8,19.91,19.66,86.3,0,0.729,0.691,355.5,16.8,901.3966,264.2,772.5,170.6,118.6,345.1,973,228.1,141.1,15,0,0
01/10/2021 08:45,19.2,19.69,18.78,89.6,0,0.34,0.303,314.2,16.75,901.3659,318.8,763.9,181.1,134,407.1,935,238.5,161.9,15,0,0
01/10/2021 08:30,18.58,18.8,18.4,91.8,0,0.283,0.263,19.03,13.04,901.1693,161.2,245,111,39.4,217.6,321.8,153,50.5,15,0,0
01/10/2021 08:15,18.42,18.53,18.33,91.8,0,0.829,0.808,3.89,11.45,901.1727,125.9,146.9,110.9,10.02,176.5,205.5,157.5,12.6,15,0,0
01/10/2021 08:00,18.65,18.8,18.53,92,0,0.645,0.541,334.7,21.44,901.2578,247.3,563.4,118.1,106,322.8,671.3,170.7,124.8,15,0,0
01/10/2021 07:45,18.38,18.57,18.06,93.4,0,0.832,0.723,345.9,23.91,901.0239,282.4,423.5,151.9,96.4,328.6,473.7,202.3,89.7,6.9,7.2,0.9
01/10/2021 07:30,17.92,18.08,17.78,96.1,0,0.668,0.626,352.4,18.95,900.7837,291.2,378.3,74.43,72.13,323,408.6,102.2,71.56,0,15,0
01/10/2021 07:15,17.74,17.96,17.31,97,0,0.274,0.256,321.9,12.67,900.5886,217,292.1,40.21,70.05,253.2,330.1,64.84,75.35,0,15,0
01/10/2021 07:00,17.1,17.33,16.91,97.1,0,0.674,0.644,324.8,10.84,900.3063,126.5,217.8,27.6,64.45,156.1,265.9,49.13,70.04,0,15,0
01/10/2021 06:45,16.96,16.99,16.91,97.1,0,0.835,0.825,320.9,8.4,900.1432,32.43,145,21.6,27.49,53.24,193.4,39.45,31.84,0,15,0
01/10/2021 06:30,16.94,16.99,16.91,97.1,0,1.581,1.556,310.2,9.9,900.0232,19.18,27.27,14.18,2.98,34.71,42.63,27.5,3.879,0,15,0
01/10/2021 06:15,16.9,16.94,16.84,97.1,0,1.943,1.908,309.8,10.27,899.9022,8.64,15.07,3.97,3.08,18.54,27.86,9.65,5.273,0,15,0
01/10/2021 06:00,16.92,16.97,16.86,97.1,0,1.745,1.706,310.9,11.8,899.7385,2.04,3.92,0.24,0.91,5.479,9.58,1.742,2.179,0,15,0
01/10/2021 05:45,16.93,17.02,16.84,97.1,0,1.783,1.72,318.6,15.08,899.6162,0.01,0.24,0,0.03,0.581,1.809,0,0.493,0,15,0
01/10/2021 05:30,16.88,16.96,16.81,97,0,1.687,1.603,317.1,15.91,899.3342,0,0,0,0,0.046,0.201,0,0.049,0,15,0
01/10/2021 05:15,16.91,16.99,16.86,97,0,1.975,1.918,313.2,13.5,899.2526,0,0,0,0,0.036,0.167,0,0.04,0,15,0
01/10/2021 05:00,16.95,16.99,16.91,97,0,1.745,1.697,309.9,13.31,899.1331,0,0,0,0,0.037,0.201,0,0.046,0,15,0
01/10/2021 04:45,16.99,17.04,16.94,97,0,1.012,0.992,316.4,11.26,899.1329,0,0,0,0,0.033,0.167,0,0.038,0,15,0
01/10/2021 04:30,17.11,17.18,17.02,96.9,0,0.991,0.958,336.1,13.91,899.1347,0,0,0,0,0.039,0.201,0,0.044,0,15,0
01/10/2021 04:15,17.15,17.19,17.11,96.9,0,1.261,1.226,320.6,10.58,898.81,0,0,0,0,0.035,0.201,0,0.043,0,15,0
01/10/2021 04:00,17.07,17.16,16.97,96.9,0,1.344,1.304,316.5,11.56,898.8511,0,0,0,0,0.038,0.234,0,0.045,0,15,0
01/10/2021 03:45,16.93,17.02,16.87,96.8,0,1.675,1.636,321.7,10.81,898.7297,0,0,0,0,0.041,0.201,0,0.046,0,15,0
01/10/2021 03:30,17.03,17.19,16.91,96.7,0,1.907,1.889,311.7,7.6,898.7295,0,0,0,0,0,0.067,0,0.004,0,15,0
01/10/2021 03:15,17.23,17.33,17.16,96.7,0,1.422,1.407,313.5,6.94,898.9321,0,0,0,0,0,0,0,0,0,15,0
01/10/2021 03:00,17.26,17.31,17.23,96.6,0,0.8,0.786,305.2,9.79,899.1326,0,0,0,0,0.037,0.268,0,0.043,0,15,0
01/10/2021 02:45,17.25,17.29,17.19,96.5,0,0.772,0.726,312,17.95,899.0573,0.01,0.14,0,0.02,0.043,0.201,0,0.046,0,15,0
01/10/2021 02:30,17.16,17.24,17.11,96.2,0,0.698,0.673,320.7,13.61,898.7724,0,0.14,0,0.01,0,0,0,0,0,15,0
01/10/2021 02:15,17.19,17.26,17.13,95.7,0,0.878,0.862,332.8,9.19,898.9359,0,0,0,0,0,0,0,0,0,15,0
01/10/2021 02:00,17.27,17.38,17.14,95,0,1.137,1.113,324.1,10.48,898.8959,0,0,0,0,0.037,0.201,0,0.046,0,15,0
01/10/2021 01:45,17.21,17.36,17.09,95.8,0,0.532,0.507,302.4,16.35,898.9723,0,0,0,0,0.041,0.167,0,0.046,0,15,0
01/10/2021 01:30,17.09,17.18,17.02,96.1,0,0.271,0.257,298.6,9.86,898.9314,0,0,0,0,0,0.033,0,0.002,0,15,0
01/10/2021 01:15,16.99,17.16,16.84,96.4,0,0.181,0.164,257,13.5,899.1312,0,0,0,0,0,0,0,0,0,15,0
01/10/2021 01:00,17.11,17.16,17.07,96.6,0,0.386,0.376,230.5,9.53,899.1704,0,0,0,0,0.04,0.234,0,0.048,0,15,0
01/10/2021 00:45,17.17,17.26,17.06,96.6,0,0.165,0.158,243.5,5.07,899.4507,0,0,0,0,0.037,0.201,0,0.044,0,15,0
01/10/2021 00:30,17.29,17.39,17.17,96.6,0,0.006,0.005,253.8,0.12,899.604,0,0,0,0,0,0.033,0,0.002,0,15,0
01/10/2021 00:15,17.57,17.69,17.36,96.6,0,0.536,0.295,28.52,16.33,899.8453,0,0,0,0,0,0,0,0,0,15,0
01/10/2021 00:00,17.61,17.71,17.54,96.5,0,1.229,1.176,333.4,13.98,900.0458,0,0,0,0,0.04,0.201,0,0.044,0,15,0
