year,month ,day,meanTemp,highTemp,highTempTime,lowTemp,lowTempTime,heatDegreeDays,coolDegreeDays,precip,meanWindSpeed_kmh,gustSpeed_kmh,timeGust,dominantWindDir
2005,1,1,20.3,26.4,12:00p,17,6:00a,0.2,2.3,0,1.8,17.7,12:00p,SSW
2005,1,2,20.3,26.8,2:00p,16.8,6:00a,0.3,2.3,0,2.9,32.2,2:00p,NNW
2005,1,3,20.8,27.8,12:00p,17.1,6:00a,0.1,2.6,1.8,2.3,27.4,6:00a,NNW
2005,1,4,20.1,25.3,4:00p,17.3,6:00a,0.2,2,0,2.7,27.4,8:00p,NNW
2005,1,5,20.4,26.6,2:00p,16.4,6:00a,0.4,2.4,0,2.3,20.9,6:00p,SE
2005,1,6,19.9,25.7,12:00p,16.4,6:00a,0.4,1.9,0,2.1,16.1,12:00p,NNW
2005,1,7,20.8,26.6,2:00p,17.3,2:00a,0.2,2.7,0,4.2,32.2,12:00p,N
2005,1,8,20.1,25.3,12:00p,17.4,6:00a,0.1,1.8,10.9,3.2,22.5,12:00m,NNW
2005,1,9,19.5,23.3,4:00p,17.9,4:00a,0,1.2,4.6,2.7,22.5,2:00a,SE
2005,1,10,20.4,27.6,2:00p,17.2,6:00a,0,2.1,3.3,2.9,29,8:00a,N
2005,1,11,20.2,25.5,2:00p,18.2,2:00a,0,1.8,45.2,2.3,20.9,12:00p,NNW
2005,1,12,20.1,25.7,12:00p,18.1,6:00a,0,1.7,1.8,2.1,27.4,2:00a,WSW
2005,1,13,20.8,24.7,12:00p,17.9,8:00a,0.1,2.6,0.3,1.3,16.1,12:00p,NNW
2005,1,14,20.4,26.6,2:00p,18.2,12:00m,0,2.1,10.9,3.4,19.3,4:00a,NNW
2005,1,15,20.4,25.9,2:00p,17.9,2:00a,0,2.1,0,1.9,27.4,10:00a,NNW
2005,1,16,19.3,24.3,12:00p,17.1,12:00m,0.3,1.3,1.5,2.9,19.3,12:00m,SE
2005,1,17,19.7,26.6,2:00p,16.2,6:00a,0.6,1.9,0,2.7,17.7,6:00a,SSW
2005,1,18,20.3,27.2,12:00p,16.7,4:00a,0.4,2.4,0,2.1,17.7,2:00a,SW
2005,1,19,19.6,24.7,10:00a,16.9,6:00a,0.3,1.5,8.6,2.4,17.7,12:00p,SSW
2005,1,20,19.4,24.3,12:00p,16.7,6:00a,0.3,1.4,22.1,3.1,20.9,12:00m,NNW
2005,1,21,19,24.7,2:00p,16.3,8:00a,0.4,1.1,0.3,2.9,19.3,2:00a,SSW
2005,1,22,20,25.9,12:00p,16.6,8:00a,0.3,2,0.8,2.4,19.3,10:00a,SSW
2005,1,23,19.6,24.9,2:00p,17.1,6:00a,0.2,1.5,0,2.1,17.7,12:00p,NNW
2005,1,24,19.3,24.1,12:00p,16.6,6:00a,0.4,1.3,0,1.3,16.1,2:00p,SSW
2005,1,25,19.4,25,2:00p,16.7,8:00a,0.5,1.6,0,2.9,20.9,6:00p,N
2005,1,26,20.1,25.7,2:00p,15.3,6:00a,0.6,2.2,0,2.9,25.7,8:00p,NNW
2005,1,27,20.7,26.1,2:00p,17.2,6:00a,0.2,2.6,0,2.3,17.7,4:00a,NNW
2005,1,28,21.1,26.7,2:00p,17.9,8:00a,0,2.7,0,1.8,19.3,2:00p,NNW
2005,1,29,20.3,26.6,12:00p,16.9,6:00a,0.3,2.2,0,2.9,30.6,2:00p,NNW
2005,1,30,20,26.6,12:00p,16.4,6:00a,0.5,2.2,0,2.3,17.7,12:00p,NNW
2005,1,31,20.2,25.6,2:00p,16.6,6:00a,0.4,2.2,0.3,3.4,32.2,6:00p,NNW
2005,2,1,19.9,26.6,2:00p,17,6:00a,0.2,1.8,1,2.4,16.1,12:00p,NNW
2005,2,2,20.3,26.9,2:00p,17,6:00a,0.3,2.3,0,1.8,19.3,6:00p,NNW
2005,2,3,20.7,26.7,2:00p,16.7,6:00a,0.4,2.7,0,2.7,29,2:00p,E
2005,2,4,20.7,27.1,2:00p,15.8,4:00a,0.6,2.9,0,3.4,32.2,2:00p,E
2005,2,5,21.2,27.3,2:00p,16.7,2:00a,0.1,3,0,4.5,30.6,2:00p,N
2005,2,6,20.6,27.4,12:00p,15.9,6:00a,0.3,2.6,0,2.6,22.5,6:00a,E
2005,2,7,20.9,27.9,12:00p,16.6,2:00a,0.3,2.8,0,1.3,16.1,12:00p,SW
2005,2,8,21.1,27.3,12:00p,17.1,6:00a,0.3,3,0,2.1,19.3,2:00p,SSW
2005,2,9,21.1,28.3,12:00p,17.3,6:00a,0.1,2.9,0,1.8,19.3,4:00p,N
2005,2,10,20.6,26.9,12:00p,17.1,6:00a,0.2,2.4,0,1.3,20.9,12:00p,N
2005,2,11,21.3,28.8,12:00p,17.4,8:00a,0,3,0,2.1,25.7,12:00p,NNW
2005,2,12,20.6,28.7,2:00p,15.7,8:00a,0.4,2.7,0,2.4,30.6,10:00a,ESE
2005,2,13,20.4,27.3,12:00p,16.4,6:00a,0.4,2.4,0,2.9,20.9,2:00p,NNW
2005,2,14,19.8,25.8,12:00p,16.7,4:00a,0.4,1.8,0.3,1.4,16.1,2:00p,SSW
2005,2,15,20,26.9,12:00p,17.5,4:00a,0.1,1.8,13,1.4,19.3,2:00p,N
2005,2,16,19.4,26.3,12:00p,16.9,6:00a,0.3,1.4,0.5,1.1,16.1,10:00a,SSW
2005,2,17,20.4,26.6,2:00p,16.9,4:00a,0.3,2.3,0.3,1.9,19.3,2:00p,NNW
2005,2,18,21.1,27.3,12:00p,17.3,6:00a,0.2,2.9,0,3.1,32.2,2:00p,ESE
2005,2,19,20.8,27.7,12:00p,17,4:00a,0.2,2.6,0,2.9,35.4,4:00p,N
2005,2,20,21.6,27.8,12:00p,17.3,6:00a,0.1,3.4,0,3.4,32.2,10:00a,SE
2005,2,21,21.2,26.3,10:00a,17.9,6:00a,0,2.8,0,1.8,19.3,10:00a,SSW
2005,2,22,21.2,27.3,2:00p,17.9,8:00a,0.1,2.9,0,1.6,25.7,4:00p,NNW
2005,2,23,20.8,27.3,12:00p,17.9,6:00a,0,2.5,0.5,1.3,17.7,12:00p,N
2005,2,24,20.9,27.4,12:00p,17.9,4:00a,0.1,2.7,0.3,2.1,16.1,2:00a,NNW
2005,2,25,21.8,27.6,10:00a,18.9,8:00a,0,3.5,0,1.4,17.7,4:00p,NNW
2005,2,26,21.5,27.6,10:00a,18.6,6:00a,0,3.2,0,1.3,17.7,4:00p,NNW
2005,2,27,21.4,27.3,2:00p,18.2,6:00a,0,3.1,0,2.1,20.9,2:00p,N
2005,2,28,21.6,27.3,2:00p,18.3,4:00a,0,3.3,0.3,1.3,17.7,12:00p,N
2005,3,1,21.2,27.4,12:00p,18.6,6:00a,0,2.9,0,1.4,20.9,2:00p,SSW
2005,3,2,21.4,26.6,4:00p,18.1,4:00a,0,3.1,0.5,1.3,22.5,2:00p,SSW
2005,3,3,21.1,26,2:00p,18.2,6:00a,0,2.7,13.7,2.1,17.7,4:00a,NNW
2005,3,4,20.7,26.4,10:00a,18.8,9:00p,0,2.3,20.6,2.1,27.4,4:00p,SSE
2005,3,5,20.9,26.3,11:00a,17.9,7:00a,0,2.6,4.8,1,12.9,1:00p,SSW
2005,3,6,21.1,27.1,11:00a,18.3,1:00a,0,2.7,0,1.3,19.3,2:00p,NNW
2005,3,7,20.9,26.3,11:00a,17.6,4:00a,0.1,2.6,0.3,1.8,16.1,9:00a,NNW
2005,3,8,20.4,26,1:00p,18.3,6:00a,0,2.1,5.1,3.2,20.9,11:00a,NNW
2005,3,9,20.4,26.6,3:00p,17.5,6:00a,0.1,2.1,2,2.9,17.7,12:00p,N
2005,3,10,19.9,25,9:00a,18.1,3:00a,0.1,1.6,3.3,2.4,17.7,10:00a,NNW
2005,3,11,20.9,27.2,12:00p,18.2,3:00a,0,2.6,0,1.4,20.9,3:00p,N
2005,3,12,22.2,28.3,1:00p,18.1,6:00a,0,3.8,0.3,2.6,22.5,1:00p,SE
2005,3,13,21.2,26.4,1:00p,17.3,6:00a,0.2,3,0,2.4,16.1,10:00a,NNW
2005,3,14,21.3,27.6,11:00a,18.1,2:00a,0,2.9,0.3,0.8,16.1,2:00p,S
2005,3,15,21,26.2,1:00p,17.7,5:00a,0.1,2.7,0,2.6,17.7,3:00p,NNW
2005,3,16,21.3,26.3,2:00p,18.4,4:00a,0,3,0,1.3,16.1,4:00p,N
2005,3,17,20.6,26,11:00a,18.5,5:00a,0,2.3,6.1,1.6,16.1,3:00a,NNW
2005,3,18,21.1,26.2,12:00p,17.9,1:00a,0.1,2.8,0,1.3,25.7,2:00p,SSE
2005,3,19,21.2,27.2,1:00p,17.9,3:00a,0,2.9,0,1.3,20.9,3:00p,SSW
2005,3,20,20.9,27.7,1:00p,18.4,5:00a,0,2.6,15,1.6,32.2,2:00p,NW
2005,3,21,21.2,26.6,1:00p,18.1,2:00a,0,2.8,0.3,1.3,12.9,1:00a,N
2005,3,22,20.9,27.1,11:00a,18.3,6:00a,0,2.6,7.4,1.3,17.7,3:00p,NW
2005,3,23,21.3,27.3,3:00p,18.6,4:00a,0,2.9,1.3,1.3,17.7,2:00p,NNW
2005,3,24,21.1,26.8,11:00a,18.4,8:00p,0,2.7,1,2.7,19.3,2:00p,NNW
2005,3,25,20.4,27.3,11:00a,18.7,6:00a,0,2.1,17.3,2.9,25.7,12:00m,NNW
2005,3,26,21.2,26.9,11:00a,18.1,6:00a,0,2.8,0.3,3.5,27.4,2:00a,NW
2005,3,27,20.9,25.3,1:00p,17.9,5:00a,0,2.6,2.5,1.6,27.4,2:00p,SSE
2005,3,28,19.6,24.7,10:00a,17.9,12:00m,0.1,1.3,29.2,2.4,19.3,7:00p,NNW
2005,3,29,19.5,24.4,11:00a,17.3,3:00a,0.2,1.3,4.1,3.1,19.3,10:00p,NNW
2005,3,30,20.6,26,11:00a,17.5,5:00a,0.1,2.4,0,2.9,17.7,9:00a,NNW
2005,3,31,20.9,25.6,3:00p,17.6,4:00a,0.1,2.6,0.3,1.6,16.1,2:00p,NNW
2005,4,1,20.6,25.6,2:00p,18.2,6:00a,0,2.2,0.5,2.1,16.1,11:00a,NNW
2005,4,2,20.2,25.7,10:00a,18.4,3:00a,0,1.9,36.6,1.8,17.7,3:00p,NNW
2005,4,3,21.1,27.3,12:00p,17.3,5:00a,0.1,2.8,0.3,2.1,19.3,2:00p,NNW
2005,4,4,21.8,28,2:00p,17.9,5:00a,0,3.4,0,2.1,27.4,1:00p,NNW
2005,4,5,20.6,24.5,1:00p,18.7,5:00a,0,2.2,0.8,1.9,20.9,8:00p,NNW
2005,4,6,20.4,25.5,12:00p,18.2,7:00a,0,2.1,0,3.2,22.5,12:00m,NNW
2005,4,7,20.6,26.1,1:00p,18.3,3:00a,0,2.3,25.7,3.4,25.7,11:00a,NNW
2005,4,8,20.3,24.4,10:00a,18.5,6:00a,0,1.9,19,2.1,20.9,5:00p,NNW
2005,4,9,20.9,26,12:00p,18.5,3:00a,0,2.6,1.3,2.3,22.5,12:00p,NNW
2005,4,10,20.5,24.8,12:00p,18.6,4:00a,0,2.2,1.3,2.7,19.3,11:00a,NNW
2005,4,11,20.4,25.9,9:00a,18.2,5:00a,0,2.1,9.1,1.9,16.1,11:00a,NNW
2005,4,12,21.2,26.4,11:00a,18.1,3:00a,0,2.8,5.8,1.6,22.5,12:00p,NNW
2005,4,13,21.5,26,3:00p,18.9,3:00a,0,3.2,0,2.1,17.7,7:00a,NNW
2005,4,14,21.2,26.2,12:00p,19.2,6:00a,0,2.9,8.6,1.6,16.1,1:00p,NNW
2005,4,15,21.9,27.9,11:00a,19.1,4:00a,0,3.6,0.3,2.6,20.9,3:00p,NNW
2005,4,16,22.3,27.7,1:00p,18.8,2:00a,0,3.9,0,2.1,20.9,11:00a,N
2005,4,17,21.5,27.7,1:00p,18.7,4:00a,0,3.1,0.5,2.9,33.8,4:00p,NNW
2005,4,18,20.7,24.9,9:00a,18.9,2:00a,0,2.3,0,2.6,27.4,3:00p,NNW
2005,4,19,21.3,28.4,11:00a,18.4,6:00a,0,2.9,7.9,1.6,20.9,9:00a,NNW
2005,4,20,20.8,26.7,11:00a,17.9,2:00a,0,2.6,5.8,1.9,19.3,12:00m,NNW
2005,4,21,20.8,25.7,10:00a,18.5,4:00a,0,2.4,13.7,1.8,17.7,1:00a,NNW
2005,4,22,21.3,26.2,3:00p,19.1,2:00a,0,2.9,9.1,2.1,16.1,1:00a,NNW
2005,4,23,21.4,27.4,10:00a,18.6,4:00a,0,3.1,14.7,1.3,17.7,12:00p,SSW
2005,4,24,20.9,26.1,11:00a,18.4,4:00a,0,2.6,2.5,0.8,16.1,5:00p,SSW
2005,4,25,20.5,25.2,11:00a,18.4,6:00a,0,2.2,5.3,0.8,16.1,5:00p,NNW
2005,4,26,21.2,26.6,10:00a,17.8,6:00a,0,2.9,0,0.8,12.9,2:00p,SSW
2005,4,27,21.3,27.3,2:00p,18.5,6:00a,0,2.9,0.8,2.3,17.7,9:00a,NNW
2005,4,28,21.2,27.3,12:00p,18.2,5:00a,0,2.9,0.3,1.3,16.1,5:00p,S
2005,4,29,20.7,26.4,1:00p,17.9,3:00a,0,2.4,0,1.8,22.5,2:00p,NNW
2005,4,30,20.9,28.9,11:00a,17.2,6:00a,0.1,2.7,0,1.8,19.3,5:00p,NNW
2005,5,1,20.7,25.9,1:00p,18.6,4:00a,0,2.3,0.3,1.8,19.3,7:00a,NNW
2005,5,2,20.3,25.6,10:00a,17.9,12:00m,0.1,2,14,1.8,17.7,8:00a,SSW
2005,5,3,19.3,26.6,12:00p,17.5,12:00m,0.2,1.2,29.5,4,22.5,3:00a,NNW
2005,5,4,20.2,25.1,2:00p,17.5,2:00a,0.1,1.9,21.1,1.4,22.5,10:00a,S
2005,5,5,19.5,25.2,12:00p,17.7,4:00a,0.1,1.2,22.9,1.9,16.1,10:00a,NNW
2005,5,6,20,24.5,12:00p,17.1,2:00a,0.1,1.8,59.7,2.1,17.7,12:00p,NNW
2005,5,7,20.7,27.2,12:00p,17.5,6:00a,0.1,2.4,13.7,1.9,17.7,8:00p,NNW
2005,5,8,19.8,25.6,10:00a,17.6,6:00p,0.1,1.6,38.6,2.3,16.1,10:00p,NNW
2005,5,9,20.7,26.3,2:00p,17.9,2:00a,0,2.4,1.5,3.1,25.7,12:00p,NNW
2005,5,10,20.8,24.9,12:00p,18.3,6:00a,0,2.5,2.8,1.4,19.3,8:00p,NNW
2005,5,11,21.1,26.6,12:00p,19.1,6:00p,0,2.8,0.8,2.4,19.3,6:00p,NNW
2005,5,12,21.1,26.6,2:00p,17.9,10:00p,0.1,2.8,6.6,2.3,19.3,10:00a,SSW
2005,5,13,21.1,26.6,2:00p,18.1,6:00a,0,2.8,46,1.6,19.3,2:00p,SSW
2005,5,14,19.9,27.1,12:00p,18.1,4:00a,0,1.6,32.5,2.3,20.9,2:00p,SE
2005,5,15,19.5,23.1,2:00p,18.1,12:00m,0,1.2,27.4,2.1,19.3,12:00p,NNW
2005,5,16,19.3,23.8,12:00p,17.4,4:00a,0.1,1.1,17.3,2.4,20.9,2:00p,NNW
2005,5,17,19.8,24.7,12:00p,17.9,6:00a,0,1.5,45.5,1.6,20.9,8:00a,SSW
2005,5,18,20.8,27.6,12:00p,18.4,4:00a,0,2.5,1.8,2.9,19.3,12:00p,NNW
2005,5,19,20.4,25.4,10:00a,18.4,6:00a,0,2.1,9.1,2.4,17.7,2:00a,NNW
2005,5,20,19.7,24.7,12:00p,18.1,12:00m,0,1.4,27.2,3.1,20.9,10:00p,NNW
2005,5,21,19.9,24.5,10:00a,17.5,6:00a,0.2,1.7,3.6,2.9,20.9,8:00p,NNW
2005,5,22,19.7,23.9,10:00a,18.5,2:00a,0,1.4,15.2,3.4,20.9,6:00p,NNW
2005,5,23,19,24.3,12:00p,17.3,12:00m,0.2,0.9,55.1,2.6,17.7,6:00a,NNW
2005,5,24,20,25.2,10:00a,16.4,4:00a,0.3,1.9,29.2,2.4,16.1,4:00a,NNW
2005,5,25,20.9,26.1,4:00p,18.1,6:00a,0,2.6,3.8,1.6,12.9,2:00a,NNW
2005,5,26,20.7,25.8,12:00p,18.3,6:00a,0,2.4,8.9,1.9,27.4,8:00p,SSW
2005,5,27,20.8,25.8,12:00p,18.9,6:00a,0,2.5,0.8,1.4,17.7,8:00p,NNW
2005,5,28,20.9,25,12:00p,18.7,6:00a,0,2.6,0.3,1.4,16.1,2:00p,NNW
2005,5,29,21.6,26.6,2:00p,18.2,6:00a,0,3.2,1.5,1.9,19.3,10:00a,NW
2005,5,30,21.2,26,10:00a,18.7,6:00a,0,2.8,15,1.4,19.3,4:00p,N
2005,5,31,19.3,22.3,12:00p,17.3,12:00m,0.1,1,64.3,2.4,17.7,6:00a,NNW
2005,6,1,20,24.6,2:00p,16.6,4:00a,0.3,1.9,0,2.1,17.7,12:00p,NNW
2005,6,2,19.9,26,10:00a,17.8,4:00a,0.1,1.7,2.5,1.9,17.7,12:00p,NNW
2005,6,3,20.8,25.8,12:00p,17.7,6:00a,0,2.5,2.3,1.4,19.3,2:00p,N
2005,6,4,19.7,23.7,10:00a,17.7,10:00p,0.1,1.5,19.8,1.3,11.3,8:00a,N
2005,6,5,19.9,23.8,2:00p,17.7,6:00a,0.1,1.7,4.6,2.9,29,12:00m,N
2005,6,6,20.3,27.3,12:00p,17,6:00a,0.2,2.1,10.7,6,29,2:00a,NNW
2005,6,7,19.3,23.8,2:00p,17.2,6:00a,0.2,1.2,14.5,3.1,19.3,8:00p,NNW
2005,6,8,19.4,25.5,12:00p,17.9,4:00a,0.1,1.2,22.1,3.5,19.3,10:00a,NNW
2005,6,9,19.6,24.5,10:00a,17.7,2:00a,0.1,1.4,59.4,2.3,22.5,2:00a,NNW
2005,6,10,19.1,22.9,12:00p,17.3,12:00m,0.1,0.8,8.9,2.6,20.9,2:00a,NNW
2005,6,11,20.4,26.6,2:00p,17,4:00a,0.2,2.2,1.8,3.5,20.9,8:00a,NNW
2005,6,12,20.9,25.6,12:00p,18.1,4:00a,0.1,2.6,0,1.8,17.7,10:00p,NNW
2005,6,13,20.1,25.4,12:00p,18.5,12:00m,0,1.7,9.9,1.6,16.1,12:00m,SSW
2005,6,14,19.3,24.1,2:00p,17.8,4:00a,0.1,1,11.2,1.3,20.9,6:00p,SSW
2005,6,15,21.1,26.3,2:00p,17.1,4:00a,0.1,2.9,0.5,1,19.3,2:00p,S
2005,6,16,21.1,25.4,12:00p,19.3,2:00a,0,2.7,2.5,1.6,19.3,4:00p,NNW
2005,6,17,20.5,25.1,10:00a,18.7,12:00m,0,2.2,8.9,2.7,22.5,12:00m,NNW
2005,6,18,20.5,25,2:00p,17.9,6:00a,0,2.2,0.3,1.1,19.3,10:00a,NNW
2005,6,19,21,24.5,2:00p,19.1,6:00a,0,2.7,1.8,1.9,17.7,4:00a,NNW
2005,6,20,20.3,24.3,4:00p,17.8,6:00a,0.1,2,1.3,2.1,22.5,12:00p,SSE
2005,6,21,19.8,25,4:00p,17.6,12:00m,0.1,1.5,26.4,2.1,19.3,4:00p,NW
2005,6,22,19.3,23.6,2:00p,17.5,6:00a,0.2,1.1,8.4,3.2,19.3,12:00p,NNW
2005,6,23,19.8,25.3,12:00p,17.7,4:00a,0.1,1.5,7.6,1.3,17.7,12:00p,NNW
2005,6,24,19.8,24.8,12:00p,17.9,6:00a,0.1,1.5,5.1,1.9,16.1,10:00a,NNW
2005,6,25,19.6,25.6,12:00p,17.3,10:00p,0.2,1.4,43.2,2.6,22.5,4:00p,N
2005,6,26,19.9,25.1,12:00p,18.3,2:00a,0,1.6,7.9,1.8,17.7,10:00a,NNW
2005,6,27,20.6,27.7,2:00p,17.9,6:00a,0.1,2.3,17.3,2.3,19.3,2:00a,NNW
2005,6,28,19.4,24.2,12:00p,17.8,12:00m,0.1,1.1,19,1.1,16.1,12:00p,SSE
2005,6,29,19.8,25.1,2:00p,16.8,8:00a,0.3,1.8,25.9,1.3,19.3,12:00p,SSW
2005,6,30,19.8,24.1,12:00p,17.1,4:00a,0.2,1.6,0.8,2.1,22.5,12:00m,NNW
2005,7,1,20.2,24.7,4:00p,18.7,2:00a,0,1.9,2.5,0.4,4.5,4:00a,NNW
2005,7,2,19.7,26.3,10:00a,17.4,12:00m,0.2,1.5,26.2,0.8,7.6,10:00p,N
2005,7,3,21.4,26.1,2:00p,17.6,2:00a,0,3.1,0,0.5,4.9,2:00p,N
2005,7,4,20.8,26.6,2:00p,18.3,6:00a,0,2.4,0.3,0.1,3.6,2:00p,SSW
2005,7,5,21.2,26.4,12:00p,17.4,6:00a,0.1,2.9,0.3,0.4,4.5,4:00p,N
2005,7,6,20.4,27.8,2:00p,18.4,6:00a,0,2.1,7.4,0.4,5.4,12:00p,NNW
2005,7,7,20.2,25.9,2:00p,18.4,12:00m,0,1.8,15,0.5,5.8,10:00a,NNW
2005,7,8,21.3,26.3,2:00p,17.9,4:00a,0.1,3.1,8.4,0.2,3.6,2:00p,NNW
2005,7,9,20.6,25.3,12:00p,18.2,12:00m,0,2.2,112.3,0.5,4.9,10:00p,NNW
2005,7,10,20.2,26.6,4:00p,16.6,6:00p,0.2,2.1,39.1,0.4,8.5,6:00p,SSW
2005,7,11,19,24.1,10:00a,16.7,10:00p,0.4,1.1,15.2,0.8,5.8,8:00p,NNW
2005,7,12,20.1,24.9,2:00p,16.7,6:00a,0.2,2,0.3,0.7,5.4,12:00p,SSE
2005,7,13,19.4,25.6,10:00a,17.9,8:00p,0.1,1.1,12.4,0.4,4.9,12:00p,ENE
2005,7,14,18.4,23.7,12:00p,17.1,6:00a,0.4,0.6,22.6,0.8,5.8,2:00a,NNW
2005,7,15,19,23.3,12:00p,16.4,6:00a,0.4,1.1,5.8,0.5,5.8,12:00p,NNW
2005,7,16,20.2,24.9,10:00a,17,4:00a,0.3,2.2,8.6,0.1,4.9,2:00p,SSW
2005,7,17,20.7,25.4,12:00p,17.8,6:00a,0.1,2.4,10.9,0.4,5.4,8:00p,S
2005,7,18,19.9,24.1,2:00p,17.4,8:00p,0.1,1.6,33.8,0.8,5.4,6:00p,NNW
2005,7,19,19.5,25.2,12:00p,17.5,6:00a,0.3,1.4,21.1,0.6,4.5,4:00a,NNW
2005,7,20,19.2,22.8,2:00p,17.4,4:00a,0.2,1,6.6,0.7,5.4,2:00p,NNW
2005,7,21,20.1,24.7,10:00a,18.2,6:00a,0,1.7,2,0.8,6.3,12:00p,NW
2005,7,22,19.2,23.7,10:00a,17.3,6:00a,0.2,0.9,0,0.8,5.8,4:00p,NNW
2005,7,23,20.4,27.3,2:00p,17.3,4:00a,0.2,2.3,1,0.5,4.9,8:00a,SSE
2005,7,24,20.9,26.6,12:00p,17.9,4:00a,0,2.7,0,0.4,3.6,2:00a,NNW
2005,7,25,20.8,26.6,12:00p,18.3,6:00a,0,2.5,0.3,0.6,5.4,10:00p,NNW
2005,7,26,21,25.7,2:00p,18.4,6:00a,0,2.7,8.9,0.5,5.4,2:00p,NNW
2005,7,27,21.3,26.6,12:00p,18.9,6:00a,0,2.9,15.2,0.4,4.9,8:00p,S
2005,7,28,21.1,25.8,12:00p,17.3,8:00a,0,2.7,1.3,0.8,8,10:00a,N
2005,7,29,21,26.1,4:00p,18.7,6:00a,0,2.7,0,0.4,6.3,12:00m,N
2005,7,30,21.3,26.6,12:00p,18.2,6:00a,0,2.9,0.3,0.7,6.3,10:00p,NNW
2005,7,31,20.8,24.9,12:00p,18.5,6:00a,0,2.5,4.6,0.5,4.9,6:00a,NNW
2005,8,1,21.4,26.4,12:00p,18.5,6:00a,0,3.1,0,0.5,4.5,4:00a,NNW
2005,8,2,20.7,25.9,12:00p,18.6,12:00m,0,2.3,0.3,1,7.6,8:00p,NW
2005,8,3,20.2,24.7,2:00p,17.8,6:00a,0.1,1.9,0.3,0.8,8.5,10:00p,NNW
2005,8,4,20.5,27.3,10:00a,18.1,6:00a,0,2.2,4.1,0.5,5.8,12:00m,N
2005,8,5,19.8,24.9,2:00p,17.2,12:00m,0.1,1.6,19,0.7,8.9,10:00p,NNW
2005,8,6,20.3,25.6,2:00p,16.7,4:00a,0.2,2.2,0,0.4,4.5,10:00a,N
2005,8,7,20.4,25.8,12:00p,18.1,2:00a,0,2.1,5.3,0.6,4.9,12:00p,NW
2005,8,8,20.1,26.3,12:00p,17.9,6:00a,0,1.8,14.2,0.7,7.2,4:00p,NNW
2005,8,9,20.3,26.3,2:00p,17.4,6:00a,0.1,2.1,0.3,0.1,4.5,2:00p,NNW
2005,8,10,19.9,26.2,12:00p,18.4,12:00m,0,1.6,19,0.6,6.3,10:00p,NNW
2005,8,11,20.3,24.9,12:00p,17.3,6:00a,0.1,2.1,11.7,0.5,5.4,10:00p,NNW
2005,8,12,19.3,23.8,4:00p,17.7,2:00a,0.1,1.1,43.4,0.7,4.9,4:00p,NNW
2005,8,13,20,25.1,12:00p,17.6,10:00p,0.2,1.8,14.7,0.4,4.5,4:00p,N
2005,8,14,18.9,24.4,2:00p,16.9,6:00a,0.5,1,50.3,1,7.2,6:00p,NNW
2005,8,15,19.9,24.7,10:00a,17.9,2:00a,0,1.6,8.6,0.4,4.9,4:00p,NNW
2005,8,16,18.8,22.3,10:00a,17.2,10:00p,0.3,0.8,11.4,0.4,5.8,8:00p,SSW
2005,8,17,19.4,23.7,12:00p,17.1,4:00a,0.2,1.4,16,0.6,5.4,12:00p,NNW
2005,8,18,18.9,22.3,2:00p,16.9,4:00a,0.3,0.8,2,0.3,4.5,2:00p,SSE
2005,8,19,20.7,27.1,2:00p,17.6,2:00a,0.1,2.4,0,0.8,4.9,10:00a,N
2005,8,20,20.4,26.4,2:00p,17.3,12:00m,0.1,2.2,12.7,0.8,5.8,12:00p,NNW
2005,8,21,19.6,23.2,12:00p,17.2,6:00a,0.1,1.4,2,0.7,5.4,8:00a,S
2005,8,22,19.1,23.4,2:00p,17.5,12:00m,0.3,1.1,4.6,0.8,5.8,2:00p,NNW
2005,8,23,19.6,24.4,12:00p,17.1,4:00a,0.2,1.6,5.3,0.6,5.4,10:00a,NNW
2005,8,24,19,22.9,10:00a,17.3,6:00a,0.2,0.9,97.3,0.9,6.3,10:00p,NNW
2005,8,25,20.1,25.7,10:00a,17.3,2:00a,0.1,1.8,1.5,0.4,3.6,2:00a,N
2005,8,26,19.2,25.8,12:00p,17.3,6:00a,0.1,1,5.6,0.8,7.2,2:00p,NNW
2005,8,27,19.3,26.1,12:00p,17,6:00a,0.3,1.3,21.8,0.4,3.6,8:00a,N
2005,8,28,19.1,23.8,12:00p,16.2,6:00p,0.5,1.2,23.4,1,8,4:00p,NNW
2005,8,29,20.4,26.3,4:00p,15.4,4:00a,0.6,2.6,0,0.6,4.5,4:00a,N
2005,8,30,20.7,26.6,12:00p,17.9,6:00a,0,2.3,8.4,0.4,4.5,12:00p,NNW
2005,8,31,20.8,25.9,12:00p,18.5,6:00a,0,2.4,0.5,0.6,5.4,2:00p,NW
2005,9,1,19.2,24.8,2:00p,16.6,8:00p,0.3,1.1,37.8,0.4,5.4,4:00p,SW
2005,9,2,18.7,25.8,12:00p,16.3,4:00a,0.6,1,47,0.9,4.9,10:00a,NNW
2005,9,3,20,25.6,12:00p,16.9,4:00a,0.2,1.9,7.9,0.3,4.5,12:00p,NNW
2005,9,4,19.6,25.4,12:00p,17.9,6:00a,0.1,1.3,4.6,0.4,4.9,6:00p,SSW
2005,9,5,20.6,24.8,12:00p,17.3,6:00a,0.1,2.4,1,0.6,4.5,2:00p,NNW
2005,9,6,20.3,24.6,12:00p,18.3,6:00a,0,1.9,0.5,0.8,5.8,2:00a,NNW
2005,9,7,20.6,26.6,10:00a,17.4,4:00a,0.1,2.4,3.8,0.4,4.9,8:00p,SSW
2005,9,8,20.7,26,2:00p,17.5,6:00a,0,2.4,4.3,0.8,7.6,6:00a,NNW
2005,9,9,20.2,25.4,12:00p,18.4,12:00m,0,1.8,5.3,0.6,5.4,2:00p,NNW
2005,9,10,20.2,24.3,10:00a,17.9,6:00a,0.1,1.9,1.8,0.5,6.3,6:00p,SSE
2005,9,11,21.3,26.3,4:00p,17.4,6:00a,0.1,3.1,1.5,0.7,8.5,12:00m,NNW
2005,9,12,20.5,26,10:00a,18.9,8:00p,0,2.2,1.5,0.8,7.2,2:00p,NNW
2005,9,13,19.5,22.9,12:00p,18.1,12:00m,0.1,1.2,6.9,0.9,5.8,6:00p,SSW
2005,9,14,19.3,24.5,12:00p,17.4,4:00a,0.2,1.1,14.7,0.9,7.6,10:00p,NNW
2005,9,15,20.1,25.4,12:00p,17.9,2:00a,0,1.8,2,0.2,3.6,2:00p,NW
2005,9,16,20.3,25.3,2:00p,17.5,2:00a,0.1,2.1,1,0.6,5.8,10:00a,NNW
2005,9,17,20.5,25.5,12:00p,18.2,6:00a,0,2.2,2,0.4,4.9,2:00p,NNW
2005,9,18,19.8,24.7,2:00p,18.2,6:00a,0,1.5,1.5,0.7,4.9,2:00p,NNW
2005,9,19,19.5,25.9,12:00p,17.5,12:00m,0.1,1.3,46.5,0.9,7.2,2:00p,NNW
2005,9,20,20,25.1,10:00a,17.2,4:00a,0.2,1.8,11.7,0.9,7.2,10:00p,SW
2005,9,21,18.8,24.6,12:00p,17.5,6:00a,0.2,0.7,41.7,1.3,6.3,2:00a,NNW
2005,9,22,18.3,22.6,12:00p,17.1,8:00a,0.4,0.4,3.3,2.5,13,6:00a,NW
2005,9,23,18.3,24.3,2:00p,16.1,8:00a,0.7,0.7,21.1,1.8,11.6,6:00a,NW
2005,9,24,18.5,21.6,10:00a,16.6,2:00a,0.4,0.6,13.2,1.5,6.3,6:00a,NNW
2005,9,25,18.7,22.6,10:00a,17.3,12:00m,0.2,0.6,21.3,0.8,5.4,8:00p,NNW
2005,9,26,19.9,25,12:00p,17,4:00a,0.2,1.8,54.1,0.6,5.4,8:00a,SSE
2005,9,27,19.1,25.6,12:00p,17.4,12:00m,0.2,0.9,12.4,0.4,4.9,12:00p,SE
2005,9,28,19,22.6,8:00a,17.1,6:00a,0.2,0.8,8.4,0.8,5.8,8:00p,NNW
2005,9,29,19.3,24.7,2:00p,17.6,6:00a,0.2,1.1,4.8,1.3,5.8,12:00p,NNW
2005,9,30,18.5,20.1,8:00a,17.6,6:00a,0.1,0.1,0.3,0.8,4.9,2:00a,NNW
2005,10,1,19.4,23.4,8:00p,18.2,2:00p,0,1.1,15,4.5,30.6,6:00a,NW
2005,10,2,19.3,23.8,8:00p,17.6,2:00p,0.1,1.1,7.1,4.3,30.6,6:00a,NNW
2005,10,3,18.7,21.4,8:00p,17.9,12:00p,0.1,0.4,21.6,6.3,20.9,10:00a,NW
2005,10,4,18.9,23.3,12:00m,17.1,2:00p,0.3,1,2.8,9.7,35.4,2:00p,NW
2005,10,5,18.9,20.9,2:00a,18.5,6:00a,0,0.2,4.6,4.5,22.5,6:00a,NW
2005,10,10,19.8,24.4,12:00p,17.9,12:00m,0,0.9,0.3,6.4,22.5,12:00p,NW
2005,10,11,17.9,18.9,10:00a,17,12:00m,0.4,0,40.4,4,20.9,2:00a,NNW
2005,10,12,18.6,23.7,2:00p,16.7,2:00a,0.6,0.9,24.9,5.8,25.7,6:00a,NW
2005,10,13,18.1,21.3,10:00a,16.1,6:00a,0.6,0.3,30.5,5,19.3,2:00a,NNW
2005,10,14,18.3,20.7,10:00a,17,6:00a,0.3,0.3,23.1,6.1,29,10:00p,NW
2005,10,15,18.7,22,12:00p,17.5,6:00a,0.2,0.6,13.5,6,27.4,6:00a,NW
2005,10,16,18.6,21.8,12:00p,17.2,6:00a,0.3,0.6,35.8,0.6,12.9,6:00a,NNW
2005,10,17,18.8,24.3,2:00p,17,6:00a,0.3,0.8,30,0,0,NA,NA
2005,10,18,17.9,19.9,8:00a,17.4,4:00a,0.2,0.1,0,0,0,NA,NA
2005,11,1,18.6,21.3,4:00p,17.9,12:00m,0.1,0.1,1,0.5,3.6,10:00p,NNW
2005,11,2,18.8,22.2,2:00p,17.3,6:00a,0.2,0.7,1.3,0.1,3.1,2:00p,N
2005,11,3,19.6,23.4,12:00p,17.9,6:00a,0.1,1.3,6.6,0.4,4.9,12:00m,NNW
2005,11,4,18.9,23.7,12:00p,17.7,6:00a,0.2,0.8,23.4,0.8,5.8,2:00a,NNW
2005,11,5,20.2,24.9,2:00p,17.3,6:00a,0.2,2,0.5,0.4,5.8,4:00a,NW
2005,11,6,19.8,24.4,12:00p,17.9,6:00a,0,1.5,25.7,0.5,6.3,2:00p,SW
2005,11,7,20,24.7,12:00p,17.8,6:00a,0.1,1.7,0.3,0.7,6.3,12:00m,NNW
2005,11,8,19.7,23.3,12:00p,18.2,10:00p,0,1.3,18,0.5,5.4,12:00m,S
2005,11,9,19.7,25.5,12:00p,18.2,4:00a,0,1.3,45.5,0.9,5.4,2:00p,NNW
2005,11,10,19.6,24.9,12:00p,18.2,4:00a,0,1.2,16,0.4,5.4,2:00a,NNW
2005,11,11,19.1,24.3,12:00p,17.9,10:00p,0.1,0.9,14.7,0.4,3.1,8:00a,NNW
2005,11,12,18.8,22.9,10:00a,17.3,4:00a,0.3,0.8,64.3,0.2,4.5,12:00p,N
2005,11,13,19.1,23.8,12:00p,17,2:00a,0.3,1.1,54.6,0.2,3.6,12:00p,NE
2005,11,14,19.2,22.6,12:00p,17.8,6:00a,0.1,0.9,23.9,0.9,5.8,2:00a,NNW
2005,11,15,19.1,22.5,12:00p,17.9,6:00a,0.1,0.8,26.4,0.5,4.5,4:00a,NNW
2005,11,16,18.3,18.9,10:00a,17.4,10:00a,0.1,0.2,147.6,0.6,8.5,6:00p,SSW
2005,11,17,18.6,20.1,10:00a,17.8,10:00p,0.1,0.3,37.1,0.2,7.2,2:00p,SW
2005,11,18,19.4,24.3,2:00p,17.6,2:00a,0.1,1.2,10.4,0.5,4.5,12:00p,NNW
2005,11,19,19.6,24.9,2:00p,18.1,6:00a,0.1,1.3,62.2,0.9,5.4,10:00p,NNW
2005,11,20,19.7,24.1,12:00p,17.3,6:00a,0.1,1.5,16.3,0.4,3.6,2:00p,SW
2005,11,21,19.7,24.9,12:00p,17.5,6:00a,0.1,1.4,41.7,0.5,3.1,12:00p,NNW
2005,11,22,18.4,23.3,12:00p,16.8,4:00a,0.6,0.7,13.7,0.3,3.6,6:00p,SSW
2005,11,23,18,20.5,12:00p,16.8,12:00m,0.7,0.3,24.9,0.3,3.6,12:00m,SW
2005,11,24,18.6,26,12:00p,16.4,6:00a,0.5,0.7,29.2,0.6,3.6,4:00a,SW
2005,11,25,18.6,23.4,12:00p,16.9,4:00a,0.4,0.8,26.4,0.8,5.4,12:00p,NNW
2005,11,26,18.6,22.6,12:00p,16.9,6:00a,0.3,0.6,34.3,0.5,4.9,12:00p,NNW
2005,11,27,19.3,24.8,10:00a,17.2,6:00a,0.2,1.2,9.1,0.5,5.4,12:00m,N
2005,11,28,19.8,24.1,2:00p,17.3,6:00a,0.2,1.7,1,1.2,6.3,2:00p,NW
2005,11,29,19.6,25.1,12:00p,17.1,6:00a,0.2,1.6,0.3,0.6,3.6,6:00a,NNW
2005,11,30,18.9,24.6,12:00p,16.9,10:00p,0.6,1.2,0,0.4,4.9,2:00p,S
2005,12,1,19.3,25.5,12:00p,16.2,4:00a,0.6,1.6,0.5,2.6,12.9,2:00p,N
2005,12,2,19.1,23.6,10:00a,16.1,6:00a,0.5,1.3,1,1.3,17.7,2:00a,SW
2005,12,3,19.3,23.7,10:00a,16.9,6:00a,0.3,1.3,17,2.3,17.7,12:00p,NNW
2005,12,4,19.2,24.6,12:00p,16.4,6:00a,0.4,1.4,0.8,4.5,22.5,10:00p,NNW
2005,12,5,19.1,24.2,12:00p,16.9,6:00a,0.5,1.3,0,2.9,19.3,2:00p,NNW
2005,12,6,19.1,25.4,12:00p,16.1,6:00a,0.5,1.2,1,1.3,12.9,12:00p,NNW
2005,12,7,19.3,24.4,12:00p,17.2,6:00a,0.3,1.3,0,2.3,16.1,2:00p,NNW
2005,12,8,19.8,26.2,2:00p,16.4,8:00a,0.5,1.9,1.5,2.4,22.5,12:00m,NNW
2005,12,9,19.7,25,2:00p,16.1,4:00a,0.5,1.9,0.3,2.1,19.3,10:00a,SSW
2005,12,10,19.7,24.4,10:00a,17.2,8:00a,0.3,1.6,0.3,2.6,19.3,10:00a,NNW
2005,12,11,20.1,24.9,10:00a,17.8,4:00a,0.1,1.8,1,1.4,17.7,2:00a,NNW
2005,12,12,19.9,25.7,2:00p,17.9,6:00a,0,1.6,6.1,1.6,17.7,12:00m,NNW
2005,12,13,19.6,23.2,2:00p,18.1,12:00m,0,1.3,38.4,1.1,16.1,6:00a,NNW
2005,12,14,19.7,24.7,10:00a,17.1,12:00m,0.2,1.6,5.3,1.8,17.7,6:00a,NNW
2005,12,15,19.7,26.3,12:00p,17.3,2:00a,0.2,1.6,0.5,3.7,20.9,12:00p,NW
2005,12,16,19.6,25.2,12:00p,16.6,6:00a,0.3,1.5,0.3,1.3,12.9,4:00p,SW
2005,12,17,19.2,23.9,12:00p,14.9,6:00a,0.6,1.5,0.3,2.4,14.5,4:00p,NNW
2005,12,18,19.2,25.9,12:00p,16.4,6:00a,0.6,1.4,3.8,2.3,17.7,12:00p,NNW
2005,12,19,19.5,24.3,4:00p,16.4,8:00a,0.6,1.8,0.3,2.9,25.7,12:00p,SSE
2005,12,20,19,24.5,10:00a,16.1,4:00a,0.7,1.3,0.8,2.3,17.7,12:00p,NNW
2005,12,21,18.2,24.6,12:00p,16.3,8:00a,0.8,0.6,6.3,2.9,17.7,10:00a,NNW
2005,12,22,19.4,24.3,12:00p,16.2,4:00a,0.6,1.7,0.3,1.8,16.1,12:00p,NNW
2005,12,23,19.1,24.5,12:00p,16.2,6:00a,0.4,1.2,32,1.8,16.1,10:00a,SW
2005,12,24,18.6,25.4,10:00a,17,8:00a,0.5,0.7,5.6,3.9,30.6,4:00a,NNW
2005,12,25,18.6,23.7,10:00a,16.8,6:00a,0.5,0.7,1.5,3.2,17.7,8:00a,NNW
2005,12,26,18.9,24.2,12:00p,16.9,6:00a,0.3,0.8,2,1,12.9,8:00a,NNW
2005,12,27,19.3,24.8,12:00p,17.4,6:00a,0.2,1.2,2.3,2.3,17.7,10:00p,NNW
2005,12,28,19.1,24.6,2:00p,17.8,8:00a,0.1,0.8,5.1,2.9,17.7,10:00p,NNW
2005,12,29,19.2,23.6,10:00a,17.2,4:00a,0.3,1.1,3,1.8,16.1,10:00a,NNW
2005,12,30,19.3,24.9,12:00p,16.6,6:00a,0.6,1.5,0.3,1.4,17.7,12:00p,NW
2005,12,31,19.6,27.2,12:00p,15.9,6:00a,0.6,1.9,0.5,2.3,17.7,10:00a,N
2006,1,1,19.2,25,2:00p,15.5,6:00a,0.5,1.3,2.8,2.6,17.7,12:00p,N
2006,1,2,19.1,23.9,2:00p,17.4,8:00a,0.3,1,1.3,2.7,19.3,12:00p,NNW
2006,1,3,18.9,23.9,10:00a,16.4,6:00a,0.6,1.2,11.2,1.3,12.9,2:00p,NNW
2006,1,4,19.4,27.2,12:00p,16.7,8:00a,0.4,1.6,1.8,1.3,16.1,4:00a,NW
2006,1,5,18.3,24.8,2:00p,16.8,4:00a,0.6,0.5,20.3,1,16.1,2:00p,NW
2006,1,6,17.4,21.6,12:00p,16.4,12:00m,1.1,0.2,46.5,1.9,16.1,6:00a,NNW
2006,1,7,18.5,25.1,2:00p,15.3,8:00a,0.9,1.1,0.5,2.1,25.7,4:00p,N
2006,1,8,18.9,24.5,12:00p,15.9,4:00a,0.6,1.1,5.1,1.6,11.3,12:00p,NNW
2006,1,9,17.7,19.8,8:00a,16.1,4:00a,0.3,0.1,0.3,4,33.8,8:00a,N
2006,1,10,19.6,23.3,2:00p,17.1,12:00m,0.2,1.2,0,2.7,17.7,10:00a,NNW
2006,1,11,19.4,24.1,12:00p,16.4,6:00a,0.4,1.5,0.3,2.1,16.1,12:00p,SW
2006,1,12,19.5,24.1,12:00p,16.6,6:00a,0.4,1.6,0.3,1.9,17.7,12:00p,N
2006,1,13,20.1,24.4,10:00a,16.6,4:00a,0.3,2.1,0.3,2.3,17.7,10:00a,NNW
2006,1,14,19.8,24.7,12:00p,16.7,4:00a,0.4,1.8,0.3,2.7,20.9,12:00p,N
2006,1,15,18.4,21.6,12:00p,17.3,4:00a,0.4,0.5,13.5,1,16.1,10:00a,NNW
2006,1,16,19.3,25.4,12:00p,16.9,4:00a,0.4,1.3,2.5,2.1,29,10:00a,NNW
2006,1,17,19.1,24.4,12:00p,16.7,4:00a,0.4,1.3,0.5,3.5,20.9,10:00a,NNW
2006,1,18,20.2,25.6,10:00a,16.9,6:00a,0.2,2.1,0.3,3.2,29,12:00m,SSE
2006,1,19,20.6,26.6,12:00p,15.9,6:00a,0.3,2.4,0,3.9,33.8,10:00p,SE
2006,1,20,20.1,25.4,2:00p,16.4,6:00a,0.4,2.2,0,4.7,40.2,12:00p,E
2006,1,21,20.7,27.3,2:00p,16.4,4:00a,0.2,2.6,0,2.7,30.6,12:00p,E
2006,1,22,19.6,25.5,12:00p,16.4,6:00a,0.4,1.7,0.3,3.7,17.7,2:00p,NNW
2006,1,23,19.3,24.5,2:00p,17,6:00a,0.3,1.3,0.5,1.6,17.7,12:00p,NNW
2006,1,24,20.4,26.3,10:00a,17.6,4:00a,0.1,2.2,0.3,2.1,19.3,12:00p,N
2006,1,25,20.2,25.7,2:00p,16.9,6:00a,0.3,2.1,0.3,1.9,17.7,2:00p,NNW
2006,1,26,20.3,25.5,2:00p,17.2,2:00a,0.2,2.3,0.3,2.6,22.5,12:00m,NNW
2006,1,27,21.4,26.7,2:00p,17.7,8:00a,0.1,3.2,0,4,33.8,2:00p,ESE
2006,1,28,20.4,26.3,2:00p,17.7,6:00a,0.1,2.2,0.5,3.7,25.7,4:00p,NNW
2006,1,29,20.3,27.8,12:00p,17.2,4:00a,0.3,2.2,0.3,2.9,25.7,12:00m,NNW
2006,1,30,19.8,25.3,10:00a,17,4:00a,0.3,1.7,2,3.7,20.9,2:00a,NNW
2006,1,31,19.9,25.1,12:00p,17.8,6:00a,0.1,1.6,1.3,0.6,11.3,12:00p,N
2006,2,1,20.4,26.6,12:00p,17.3,6:00a,0.1,2.2,0.3,1.8,19.3,12:00p,NNW
2006,2,2,19.7,25.2,2:00p,17.5,8:00a,0.1,1.5,0.3,2.6,17.7,2:00p,NNW
2006,2,3,19.3,23.3,10:00a,18.1,4:00a,0.1,1.1,0.5,1,12.9,12:00p,SW
2006,2,4,19.3,22.8,12:00p,17.7,2:00a,0.1,1.1,1.5,1.8,16.1,2:00p,NNW
2006,2,5,20.1,26.2,12:00p,17.4,6:00a,0.1,1.9,0,2.3,20.9,4:00p,S
2006,2,6,20.4,26.6,2:00p,17.4,4:00a,0.1,2.2,0.3,1.8,19.3,2:00p,NW
2006,2,7,20.1,25.7,12:00p,16.4,6:00a,0.4,2.2,0.3,1.6,16.1,12:00p,NNW
2006,2,8,20.5,27.3,12:00p,15.8,6:00a,0.5,2.7,0.3,2.4,25.7,2:00p,N
2006,2,9,20.1,27.3,12:00p,16.4,6:00a,0.4,2.2,0,2.4,20.9,10:00a,N
2006,2,10,20.3,28.6,12:00p,16.2,12:00m,0.4,2.3,0,2.3,20.9,12:00p,N
2006,2,11,20.4,27.1,2:00p,16.1,2:00a,0.3,2.4,0,2.4,19.3,4:00p,NNW
2006,2,12,20.9,27.3,12:00p,17.7,12:00m,0.1,2.7,0,1.3,20.9,2:00p,N
2006,2,13,20.8,27.7,4:00p,16.7,4:00a,0.2,2.7,0,2.1,25.7,4:00p,SE
2006,2,14,20.9,27.6,12:00p,15.8,4:00a,0.4,3,0,3.7,38.6,10:00a,E
2006,2,15,20.3,26.7,4:00p,15.6,2:00a,0.6,2.5,0,2.9,25.7,4:00p,NNW
2006,2,16,20.5,28.1,2:00p,16.1,6:00a,0.5,2.7,0.3,3.2,17.7,12:00p,N
2006,2,17,21.6,28,2:00p,17.9,12:00m,0,3.3,0,2.1,25.7,12:00p,SE
2006,2,18,21.3,27.7,12:00p,17.8,6:00a,0.1,3.1,0,1.6,20.9,6:00p,SE
2006,2,19,20.6,26.6,2:00p,16.7,8:00a,0.2,2.6,0,2.3,27.4,12:00p,SE
2006,2,20,21.2,28.4,2:00p,16.7,6:00a,0.2,3.1,0,3.7,33.8,6:00p,ENE
2006,2,21,21.2,27.7,2:00p,16.9,4:00a,0.2,3.1,0,4.2,30.6,12:00p,E
2006,2,22,21.2,27.8,4:00p,16.1,6:00a,0.2,3.1,0,3.5,32.2,2:00p,N
2006,2,23,21.1,27.1,12:00p,17.7,6:00a,0,2.8,0,2.3,25.7,6:00a,N
2006,2,24,21.3,28.3,2:00p,17.6,4:00a,0.1,3.1,0,2.9,33.8,4:00p,NNW
2006,2,25,20.8,28,2:00p,15.8,4:00a,0.4,2.9,0,3.2,30.6,12:00p,ENE
2006,2,26,20.4,27.3,12:00p,17.1,8:00p,0.3,2.3,5.1,1.9,19.3,2:00p,E
2006,2,27,20,26.6,12:00p,17.2,10:00p,0.1,1.8,0,2.7,29,2:00p,SSE
2006,2,28,21,27.7,2:00p,16.6,6:00a,0.4,3,0,2.6,25.7,8:00p,NNW
2006,3,1,20.5,26,2:00p,17.7,4:00a,0.1,2.3,0,2.3,17.7,2:00p,NNW
2006,3,2,21,26.6,12:00p,17.6,6:00a,0.1,2.8,0,2.1,17.7,12:00p,NNW
2006,3,3,21.4,26.9,12:00p,17.9,4:00a,0.1,3.2,0,2.3,22.5,2:00p,N
2006,3,4,21.7,28.1,12:00p,18.2,4:00a,0,3.4,0,1.9,19.3,4:00p,N
2006,3,5,21.6,28.1,2:00p,18.2,12:00m,0,3.2,0,3.5,32.2,4:00p,E
2006,3,6,21.5,28.2,2:00p,17.8,6:00a,0.1,3.2,0,3.9,32.2,12:00p,E
2006,3,7,21.3,27.4,2:00p,17.3,2:00a,0.1,3.1,0,2.4,29,4:00p,SE
2006,3,8,20.3,26.6,12:00p,17.3,2:00a,0.2,2.2,2.8,2.7,20.9,12:00p,NNW
2006,3,9,20.6,26.8,10:00a,17.5,2:00a,0.2,2.4,0.5,1.8,17.7,12:00p,NNW
2006,3,10,21.1,26,12:00p,17.8,4:00a,0.1,2.8,0.3,1.4,20.9,10:00p,SW
2006,3,11,20.6,26.1,2:00p,17.8,6:00a,0,2.2,7.6,1.3,17.7,4:00p,NNW
2006,3,12,20.3,25.6,12:00p,17.7,6:00a,0,2,0,1.6,25.7,10:00p,NNW
2006,3,13,20.7,26.6,12:00p,17,6:00a,0.2,2.7,0.3,1.4,19.3,2:00p,N
2006,3,14,20.3,25.8,2:00p,17,6:00a,0.2,2.1,6.9,2.1,22.5,8:00a,NNW
2006,3,15,21,27.7,2:00p,16.7,6:00a,0.2,2.9,0,3.5,29,2:00p,E
2006,3,16,21,28.2,12:00p,17.1,6:00a,0.2,2.9,0,3.1,30.6,10:00a,SSE
2006,3,17,20.7,26.2,2:00p,17.1,6:00a,0.2,2.6,0.3,1.3,19.3,2:00p,N
2006,3,18,21.2,27.9,2:00p,17.3,2:00a,0.2,3.1,0,2.6,32.2,6:00p,SE
2006,3,19,21.3,27.8,12:00p,17.7,2:00a,0.1,3.1,0,1.8,20.9,12:00p,SSW
2006,3,20,21.3,27.3,10:00a,17.8,4:00a,0.1,3,0,1.6,17.7,8:00a,NE
2006,3,21,21.3,26.7,10:00a,17.9,4:00a,0.1,3.1,0.3,1.4,17.7,4:00p,NW
2006,3,22,20.4,26.6,12:00p,17.3,6:00a,0.1,2.2,0.3,1.1,19.3,4:00p,SE
2006,3,23,20.4,25.9,2:00p,17.1,6:00a,0.2,2.3,0,2.7,19.3,10:00a,NNW
2006,3,24,19.7,24.5,10:00a,17.9,8:00p,0.1,1.4,11.9,2.1,22.5,2:00p,NNW
2006,3,25,20.8,27.2,12:00p,17.1,6:00a,0.2,2.6,0,1.3,29,4:00p,SSE
2006,3,26,21.6,28.4,2:00p,17.7,6:00a,0.1,3.3,0,2.3,20.9,6:00p,E
2006,3,27,21.8,28.4,12:00p,17.3,6:00a,0.1,3.6,0,2.1,27.4,10:00a,SE
2006,3,28,21.9,29.2,12:00p,17.6,4:00a,0.1,3.6,0,2.3,29,2:00p,NNW
2006,3,29,21.4,26.7,4:00p,18.4,4:00a,0,3.1,0,1.9,25.7,12:00p,NNW
2006,3,30,20.2,25.9,12:00p,18.1,4:00p,0,1.9,13.5,3.5,20.9,6:00p,NNW
2006,3,31,20.6,27.3,12:00p,17.9,4:00a,0.1,2.3,0.8,1.8,20.9,6:00p,NW
2006,4,1,20.7,25.9,12:00p,17.5,6:00a,0.1,2.4,0.3,2.4,19.3,2:00a,SSE
2006,4,2,20.4,27.7,12:00p,17.3,4:00a,0.2,2.2,4.1,2.3,17.7,12:00p,NNW
2006,4,3,20.7,27.4,10:00a,17.6,6:00a,0,2.4,0.3,1.3,17.7,2:00p,N
2006,4,4,20.1,26.8,12:00p,17.3,6:00a,0.1,1.9,4.3,1.9,19.3,12:00p,NNW
2006,4,5,20.1,25.4,12:00p,17.6,6:00a,0.1,1.7,5.6,0.8,12.9,2:00p,N
2006,4,6,20.2,25.9,12:00p,17.4,4:00a,0.2,2,0.3,1.6,17.7,10:00a,NNW
2006,4,7,19.8,25.9,12:00p,17.3,6:00a,0.1,1.6,4.8,1.6,12.9,10:00a,NNW
2006,4,8,20.6,26.7,2:00p,17.6,2:00a,0.1,2.3,0.3,2.4,17.7,12:00p,NNW
2006,4,9,20,25.3,2:00p,18.2,6:00p,0,1.7,8.1,1.4,27.4,4:00p,NNW
2006,4,10,19.7,26.4,12:00p,17.7,12:00m,0.1,1.5,8.6,1.1,12.9,2:00p,NW
2006,4,11,19.6,26.1,12:00p,17.7,6:00a,0.1,1.4,28.4,1.1,20.9,8:00p,NNW
2006,4,12,19.3,23.7,4:00p,17.3,8:00p,0.1,1.2,10.7,1.3,22.5,12:00p,NNW
2006,4,13,18.6,22,12:00p,16.7,6:00a,0.6,0.8,4.1,2.1,20.9,8:00p,NNW
2006,4,14,19.3,24.7,10:00a,16.7,2:00a,0.3,1.3,7.9,0.5,16.1,4:00p,S
2006,4,15,20.6,26.1,10:00a,16.9,6:00a,0.3,2.6,0.3,2.4,17.7,2:00p,NNW
2006,4,16,20.4,25.7,12:00p,17.5,4:00a,0.1,2.2,2.5,1.3,17.7,2:00p,N
2006,4,17,20.6,26,12:00p,18.5,4:00a,0,2.3,20.1,1.3,16.1,4:00p,SW
2006,4,18,20.7,25.5,10:00a,18.3,4:00a,0,2.3,2,1.3,17.7,2:00p,NNW
2006,4,19,20.7,24.8,2:00p,18.2,6:00a,0,2.4,0.3,1.4,19.3,12:00p,SSE
2006,4,20,19.9,24.9,12:00p,18.2,12:00m,0,1.6,14.7,0.5,12.9,6:00p,NNW
2006,4,21,20.8,25.7,12:00p,17.8,6:00a,0,2.4,0.3,1.3,19.3,12:00p,N
2006,4,22,21.4,27.7,10:00a,18.7,6:00a,0,3.1,0.3,2.3,20.9,10:00a,NNW
2006,4,23,20.7,27.3,12:00p,18.4,12:00m,0,2.3,0.5,1.9,19.3,6:00a,NNW
2006,4,24,20.3,25.3,2:00p,18.1,6:00a,0,2,0,3.1,30.6,10:00p,NW
2006,4,25,19.3,23.7,4:00p,17.8,6:00a,0.1,1,14,2.4,20.9,12:00p,NNW
2006,4,26,19.2,25.2,10:00a,17.2,10:00p,0.3,1.2,39.9,2.1,19.3,12:00p,NNW
2006,4,27,19.9,24.6,12:00p,17.3,2:00a,0.1,1.6,33.8,1.3,16.1,2:00p,NNW
2006,4,28,19.7,25,10:00a,17.2,6:00a,0.1,1.6,6.1,1.4,16.1,2:00p,NNW
2006,4,29,20.1,24.5,12:00p,17.9,6:00a,0,1.7,23.6,1.9,17.7,12:00p,NNW
2006,4,30,20.2,25.1,12:00p,18.2,4:00a,0,1.8,3,0.6,16.1,4:00p,SSW
2006,5,1,20.1,26.1,12:00p,17.6,6:00a,0.1,1.9,0.8,2.4,17.7,8:00p,NNW
2006,5,2,21.4,27.9,12:00p,18.2,2:00a,0,3.1,0,1.9,22.5,2:00p,NNW
2006,5,3,20.8,25.4,12:00p,17.7,8:00a,0.1,2.5,0,1.1,17.7,10:00a,SSW
2006,5,4,20.9,26.9,12:00p,18.4,4:00a,0,2.6,0.3,1.4,16.1,6:00a,NNW
2006,5,5,19.4,23.7,10:00a,17.6,12:00m,0.2,1.3,42.4,1.8,22.5,6:00p,NNW
2006,5,6,20.1,24.1,2:00p,17.4,2:00a,0.1,1.8,0.8,1.9,20.9,2:00p,NNW
2006,5,7,20.6,26.7,10:00a,17.9,2:00a,0.1,2.3,8.9,1.9,27.4,2:00p,SW
2006,5,8,19.9,24.5,12:00p,18.2,6:00a,0,1.6,9.1,1.3,16.1,12:00p,NNW
2006,5,9,19.7,24.7,12:00p,17.5,6:00a,0.1,1.5,46.5,1.6,22.5,2:00p,SSE
2006,5,10,20.1,24.8,2:00p,17.2,6:00a,0.1,1.8,8.9,2.7,20.9,12:00m,SSE
2006,5,11,19.8,26.1,2:00p,17.7,4:00a,0,1.6,37.6,1.4,17.7,12:00m,SSW
2006,5,12,20.3,25,12:00p,17.6,6:00a,0.1,2.1,27.4,1,16.1,12:00p,NNW
2006,5,13,20.1,25.1,10:00a,17.9,6:00a,0.1,1.7,19.8,1.3,19.3,8:00p,NNW
2006,5,14,19.9,25.5,12:00p,17.6,4:00a,0.1,1.7,1.3,2.3,19.3,10:00a,NNW
2006,5,15,20.7,25.2,2:00p,18.9,6:00a,0,2.3,1.5,2.9,17.7,12:00m,NNW
2006,5,16,19.9,24.8,12:00p,18.1,8:00p,0,1.6,64.5,3.9,20.9,10:00a,NNW
2006,5,17,19.6,23.1,12:00p,17.9,6:00a,0.1,1.3,9.9,3.1,19.3,2:00a,NNW
2006,5,18,19.9,23.8,10:00a,17.5,6:00a,0.1,1.7,1,1.4,17.7,4:00p,NNW
2006,5,19,19.9,27.3,12:00p,18.2,12:00m,0,1.6,0.5,1.3,22.5,2:00p,NNW
2006,5,20,20.5,24.7,10:00a,17.9,4:00a,0.1,2.2,0.5,1.3,12.9,2:00a,NNW
2006,5,21,19.9,26.7,12:00p,17.9,12:00m,0,1.6,14.2,2.3,22.5,10:00p,NNW
2006,5,22,19.9,25.3,2:00p,17.6,6:00a,0.1,1.7,2,0.8,17.7,2:00p,SSE
2006,5,23,19.9,24.2,2:00p,17.9,6:00a,0.1,1.6,51.1,1.3,17.7,12:00p,SSE
2006,5,24,19.8,26.3,10:00a,17.3,6:00a,0.2,1.6,7.4,3.1,27.4,2:00a,NNW
2006,5,25,20.4,25.6,12:00p,17.9,6:00a,0,2.1,8.6,1.6,17.7,2:00p,NNW
2006,5,26,20.2,26.1,12:00p,18.2,4:00a,0,1.9,1.5,2.4,20.9,12:00m,NNW
2006,5,27,19.9,23.4,12:00p,17.9,6:00a,0,1.6,0.3,1.1,22.5,4:00p,NW
2006,5,28,20.1,26,12:00p,18.2,6:00a,0,1.8,1.5,1.8,19.3,2:00p,NNW
2006,5,29,20.2,24.1,12:00p,18.2,12:00m,0,1.8,30.2,1.6,22.5,6:00p,NNW
2006,5,30,20.8,26.7,10:00a,17.5,6:00a,0.1,2.4,4.1,0.8,17.7,12:00p,SSW
2006,5,31,19.9,24.7,10:00a,18.2,6:00a,0,1.6,14.7,2.9,22.5,10:00p,NW
2006,6,1,19.2,26.2,2:00p,17.9,6:00a,0.1,1,61.7,4.5,29,10:00a,NW
2006,6,2,20,23.7,10:00a,17.9,2:00a,0,1.7,7.4,2.1,17.7,4:00a,NNW
2006,6,3,19.7,25.2,10:00a,18.4,12:00m,0,1.4,23.1,1.4,17.7,12:00p,SSW
2006,6,4,19.8,26.3,12:00p,18.2,6:00a,0,1.4,21.8,1.6,19.3,12:00p,N
2006,6,5,19.1,24.1,10:00a,18.1,6:00p,0.1,0.8,64,2.1,25.7,2:00p,SSE
2006,6,6,18.6,22.5,12:00p,17.4,6:00a,0.2,0.4,57.7,1.4,17.7,2:00p,NNW
2006,6,7,19.1,23.7,4:00p,16.7,6:00a,0.3,1.1,8.6,6.1,29,4:00a,NNW
2006,6,8,18.8,23.3,12:00p,17.5,12:00m,0.2,0.7,3,6.4,27.4,12:00m,NW
2006,6,9,19.3,25.4,12:00p,17.4,4:00a,0.2,1.2,1.8,4,25.7,2:00a,NNW
2006,6,10,18.9,24.9,2:00p,17.5,6:00p,0.4,0.9,7.9,4.5,27.4,10:00p,NW
2006,6,11,19.6,24.1,4:00p,16.6,4:00a,0.4,1.6,1,1.3,17.7,2:00a,NNW
2006,6,12,20.1,24.8,12:00p,17.6,6:00a,0.1,1.8,0.8,1.6,19.3,12:00p,NNW
2006,6,13,19.8,24.1,10:00a,18.3,6:00a,0,1.4,51.6,1,16.1,4:00p,NNW
2006,6,14,19.6,25.1,12:00p,17.8,10:00p,0.1,1.3,30.5,1,17.7,2:00p,N
2006,6,15,20.2,24.3,12:00p,17.4,6:00a,0.2,1.9,25.1,1.8,25.7,4:00p,NNW
2006,6,16,19.7,24.5,10:00a,17.9,12:00m,0.1,1.4,15.7,0.8,17.7,12:00p,NNW
2006,6,17,20.2,25.3,2:00p,17.5,4:00a,0.1,2,0.5,1.3,17.7,2:00p,SSW
2006,6,18,21,26.3,2:00p,18.2,6:00a,0,2.7,2.5,2.1,19.3,10:00a,NNW
2006,6,19,21,27.4,2:00p,18.2,6:00a,0,2.7,0.5,1.3,16.1,8:00p,NNW
2006,6,20,20.6,25.9,10:00a,18.9,6:00a,0,2.2,10.4,1.6,22.5,2:00p,NNW
2006,6,21,19.3,23.7,10:00a,17.7,8:00p,0.2,1.2,21.3,2.7,27.4,2:00a,NNW
2006,6,22,20.1,24.5,12:00p,17.7,4:00a,0.1,1.8,0.3,2.9,16.1,8:00p,NNW
2006,6,23,20.4,25.1,4:00p,18.3,8:00a,0,2.1,6.6,1.6,17.7,6:00a,SSW
2006,6,24,20.6,24.1,10:00a,18.4,4:00a,0,2.2,4.6,2.3,20.9,4:00p,NNW
2006,6,25,20.3,26,4:00p,17.9,4:00a,0,2,17.5,1.3,17.7,8:00p,NNW
2006,6,26,20.1,23.3,10:00a,18.4,4:00a,0,1.8,8.9,2.6,22.5,10:00p,NNW
2006,6,27,20.8,24.9,12:00p,18.1,4:00a,0,2.6,2,1.6,25.7,10:00p,NNW
2006,6,28,20.7,25,2:00p,18.6,4:00a,0,2.4,0.3,1.3,20.9,10:00a,NNW
2006,6,29,21.8,26.9,2:00p,18.9,6:00a,0,3.4,0.3,1.8,20.9,12:00p,NNW
2006,6,30,21.3,26.2,4:00p,19.3,6:00a,0,2.9,0.3,2.3,19.3,12:00p,NNW
2006,7,1,22.3,28.4,2:00p,19.1,8:00a,0,3.9,0.3,1.9,20.9,8:00a,NNW
2006,7,2,21.6,26.3,4:00p,19.1,10:00p,0,3.3,17,2.1,25.7,8:00p,NNW
2006,7,3,20.3,24.2,12:00p,18.3,4:00p,0,1.9,23.9,1.9,53.1,4:00p,NW
2006,7,4,20.5,26.3,12:00p,17.6,6:00p,0.1,2.2,8.4,2.9,32.2,12:00m,SSE
2006,7,5,20.7,25.7,12:00p,17.3,6:00a,0.1,2.4,0.3,1.9,19.3,2:00a,SSE
2006,7,6,20.7,25.2,10:00a,17.9,4:00a,0,2.3,50.3,1.4,27.4,6:00p,NNW
2006,7,7,20.5,24.5,12:00p,18.7,4:00a,0,2.2,9.7,1.4,19.3,12:00p,NNW
2006,7,8,20.2,25.7,12:00p,18.2,8:00p,0,1.8,2,2.3,22.5,4:00a,NNW
2006,7,9,19.6,24.7,12:00p,17.4,12:00m,0.2,1.4,10.7,2.4,22.5,2:00p,NNW
2006,7,10,20.3,24.1,2:00p,17.5,2:00a,0.1,2,0.3,1.4,12.9,2:00p,NNW
2006,7,11,20.7,24.6,6:00p,18.1,6:00a,0,2.4,0,2.4,33.8,8:00a,NNW
2006,7,12,20.9,25.8,12:00p,18.4,6:00a,0,2.6,2,2.9,22.5,12:00m,N
2006,7,13,19.3,23.6,12:00p,17.1,10:00p,0.3,1.3,94,2.9,20.9,12:00m,NNW
2006,7,14,20,23.7,12:00p,17.2,2:00a,0.2,1.9,2.5,1.3,17.7,8:00a,NNW
2006,7,15,20.2,25.2,12:00p,18.2,6:00a,0,1.9,5.6,0.8,19.3,4:00p,NNW
2006,7,16,20,24.8,12:00p,17.7,6:00a,0,1.7,6.1,1.6,20.9,2:00p,NNW
2006,7,17,19.6,23.7,2:00p,18.2,12:00m,0,1.3,9.1,1.3,22.5,2:00p,NNW
2006,7,18,19.5,25.7,2:00p,17.3,6:00a,0.3,1.4,77,2.3,22.5,10:00p,NNW
2006,7,19,19.3,24.3,10:00a,17.2,4:00a,0.2,1.2,17.8,2.1,16.1,2:00a,NNW
2006,7,20,20.1,26.3,4:00p,17.5,12:00m,0.2,1.9,12.4,3.5,29,6:00p,SSW
2006,7,21,19.9,23.9,10:00a,17.4,2:00a,0.1,1.7,8.9,2.7,19.3,4:00p,NNW
2006,7,22,20.1,24.1,12:00p,17.9,2:00a,0,1.8,1.8,1.9,12.9,12:00m,NNW
2006,7,23,20.2,24.9,12:00p,17.5,6:00a,0.1,1.9,0.3,2.3,25.7,2:00a,NNW
2006,7,24,19.8,25.8,12:00p,17.6,12:00m,0.1,1.6,2,2.1,19.3,2:00p,NNW
2006,7,25,20.1,26.6,12:00p,17.2,6:00a,0.2,2,0.3,2.7,40.2,12:00p,NNW
2006,7,26,19.1,24.3,2:00p,17.6,6:00a,0.3,1.1,32.3,3.5,20.9,10:00a,NNW
2006,7,27,18.6,23.6,2:00p,16.7,6:00a,0.7,0.9,22.6,4.5,20.9,10:00p,NNW
2006,7,28,18.7,23.3,12:00p,17.2,2:00a,0.2,0.6,16.8,1.4,16.1,6:00p,N
2006,7,29,18.6,25.5,12:00p,16.8,6:00a,0.5,0.8,10.2,2.9,17.7,6:00a,NNW
2006,7,30,19.3,24.8,10:00a,16.9,2:00a,0.3,1.4,1.8,2.3,12.9,4:00a,NNW
2006,7,31,19.6,23.7,12:00p,17.7,4:00a,0.1,1.4,0,1.3,17.7,8:00p,SSW
2006,8,1,20.6,25.1,12:00p,17.8,6:00a,0,2.2,8.6,1.4,16.1,12:00p,NNW
2006,8,2,20.6,27.3,12:00p,18.2,12:00m,0,2.2,5.3,1.3,16.1,12:00p,NNW
2006,8,3,20.9,25.8,10:00a,17.3,6:00a,0.2,2.7,7.4,1.1,17.7,2:00p,SW
2006,8,4,20.8,25.8,2:00p,18.6,6:00a,0,2.5,0.5,2.7,22.5,4:00a,NNW
2006,8,5,20.9,25.5,4:00p,18.2,6:00a,0,2.6,0.3,2.3,20.9,8:00p,NNW
2006,8,6,20.5,25.6,2:00p,17.9,6:00a,0,2.2,13.5,1.3,17.7,4:00p,NNW
2006,8,7,19.8,25,2:00p,17.8,4:00p,0,1.5,4.1,3.5,22.5,4:00p,NNW
2006,8,8,20.1,26.4,10:00a,17.2,2:00a,0.2,1.9,0.3,3.1,27.4,12:00p,NNW
2006,8,9,20.8,26,10:00a,18.1,2:00a,0,2.4,0,2.3,20.9,2:00p,NNW
2006,8,10,20.1,27.1,12:00p,17.9,6:00a,0.1,1.8,38.4,2.1,20.9,4:00p,NNW
2006,8,11,20.2,26.6,2:00p,18.2,6:00a,0,1.9,57.2,3.2,20.9,12:00p,NNW
2006,8,12,19.9,24.8,12:00p,17.7,6:00a,0.1,1.7,7.1,3.7,19.3,2:00a,NNW
2006,8,13,21.1,24.4,2:00p,18.3,6:00a,0,2.7,0.3,0.8,17.7,4:00p,NNW
2006,8,14,20.6,25.8,12:00p,18.7,4:00a,0,2.3,0.3,1.1,16.1,12:00p,NNW
2006,8,15,20.7,26.7,12:00p,18.5,6:00a,0,2.4,3,1.9,22.5,12:00p,NNW
2006,8,16,19.8,24.6,10:00a,18.2,6:00p,0,1.4,31,2.1,22.5,2:00a,N
2006,8,17,20.2,26.2,10:00a,17.7,6:00a,0.1,1.9,24.9,1.4,12.9,2:00p,SSW
2006,8,18,19.5,23.4,12:00p,17.9,6:00a,0,1.2,32.8,1.4,20.9,4:00a,NNW
2006,8,19,19.7,25.3,12:00p,17.3,6:00a,0.2,1.6,3,2.9,17.7,4:00p,NNW
2006,8,20,20.3,25.1,2:00p,18.1,6:00a,0,2,0.3,1.3,16.1,12:00p,NNW
2006,8,21,20.8,25.3,2:00p,18.1,6:00a,0,2.4,22.9,1.4,17.7,12:00p,S
2006,8,22,20.4,24.8,2:00p,17.9,6:00a,0,2.1,0,2.1,20.9,2:00p,NNW
2006,8,23,20,24.3,4:00p,18.2,6:00a,0,1.7,1.8,2.6,19.3,6:00a,NNW
2006,8,24,19.1,24.1,2:00p,17.6,10:00p,0.2,0.9,49,1.6,17.7,4:00p,NNW
2006,8,25,19.8,25.8,12:00p,17.1,6:00a,0.2,1.7,5.8,2.3,16.1,4:00a,WSW
2006,8,26,18.8,25.3,12:00p,17,8:00p,0.5,1,76.7,3.2,22.5,8:00a,NNW
2006,8,27,19.8,23.9,12:00p,16.8,6:00a,0.2,1.6,0.3,3.4,20.9,10:00p,NNW
2006,8,28,20.2,26.2,2:00p,17.5,6:00a,0.1,1.9,0.8,1.6,19.3,12:00p,S
2006,8,29,21.2,26.6,12:00p,17.9,6:00a,0,2.8,1.3,1.8,20.9,2:00p,NNW
2006,8,30,20.1,24.3,10:00a,18.4,12:00m,0,1.8,0.3,1.3,12.9,10:00a,NNW
2006,8,31,19.7,24.4,12:00p,17.9,4:00a,0.1,1.4,4.6,1.9,20.9,8:00p,NNW
2006,9,1,19.4,24.9,10:00a,17.1,6:00p,0.3,1.3,55.1,1.6,25.7,2:00p,NNW
2006,9,2,NA,NA,NA,NA,NA,NA,NA,NA,NA,NA,NA,NA
2006,9,3,NA,NA,NA,NA,NA,NA,NA,NA,NA,NA,NA,NA
2006,9,4,20.3,25.5,12:00p,17.6,8:00p,0.1,1.4,1,3.5,27.4,4:00p,NNW
2006,9,5,20.1,25.5,12:00p,16.8,6:00a,0.3,2.1,3.3,2.9,19.3,12:00p,NNW
2006,9,6,19.6,24.8,2:00p,17.2,8:00p,0.1,1.4,2.8,3.4,27.4,8:00p,NNW
2006,9,7,19.9,26.4,10:00a,17.5,6:00a,0.2,1.8,16,2.1,22.5,12:00m,N
2006,9,8,19.6,26.2,10:00a,17,2:00a,0.1,1.4,8.4,2.1,16.1,12:00p,NNW
2006,9,9,19.7,25.2,12:00p,16.9,6:00a,0.2,1.6,2.3,2.4,19.3,12:00p,NW
2006,9,10,19.4,24.1,12:00p,16.9,6:00a,0.2,1.4,15.7,1.1,17.7,12:00p,NNW
2006,9,11,20,26.6,12:00p,17.5,6:00a,0.1,1.8,7.1,1.9,12.9,6:00a,WSW
2006,9,12,19.7,23.3,2:00p,17.6,6:00a,0.1,1.5,11.4,2.7,17.7,12:00p,NNW
2006,9,13,20.1,26.9,12:00p,18.1,4:00a,0,1.7,0.3,2.3,27.4,6:00p,NNW
2006,9,14,19.4,26.1,12:00p,17.3,6:00a,0.2,1.3,17,3.2,16.1,2:00a,NNW
2006,9,15,20.3,26.6,2:00p,17,4:00a,0.2,2.3,4.6,3.2,19.3,2:00a,NNW
2006,9,16,19.8,25.3,12:00p,17.6,4:00a,0.1,1.6,7.6,2.3,16.1,12:00p,NNW
2006,9,17,19.3,24.2,10:00a,17.7,6:00p,0.1,1.1,11.9,1.9,22.5,4:00p,NNW
2006,9,18,19.3,24.3,12:00p,17.5,12:00m,0.1,1.1,1,2.6,22.5,2:00p,NNW
2006,9,19,19.8,27.3,2:00p,17,6:00a,0.2,1.7,12.2,2.4,19.3,10:00a,NNW
2006,9,20,18.7,23.4,12:00p,16.3,12:00m,0.4,0.7,30.5,2.6,25.7,2:00p,NNW
2006,9,21,20.2,25.7,12:00p,16.1,2:00a,0.2,2.1,0.3,2.9,22.5,10:00p,NNW
2006,9,22,21.2,26.4,12:00p,17.6,2:00a,0.1,2.9,0.5,1.3,19.3,10:00p,SSE
2006,9,23,20.7,24.8,2:00p,17.9,4:00a,0,2.4,1.8,1.9,16.1,8:00p,NW
2006,9,24,19.9,27.6,10:00a,17.8,6:00a,0,1.6,18.8,3.2,17.7,10:00a,NNW
2006,9,25,19.6,24.8,10:00a,17.7,6:00a,0.1,1.3,39.4,1.9,16.1,10:00a,NNW
2006,9,26,21.3,25.8,2:00p,17.6,6:00a,0,3.1,0.5,1.8,20.9,8:00p,NNW
2006,9,27,21.3,26.7,2:00p,18.4,6:00a,0,3,0,0.8,16.1,4:00p,SW
2006,9,28,21.4,26.6,12:00p,19.1,6:00a,0,3.1,0.5,2.1,17.7,6:00a,NNW
2006,9,29,19.5,24.9,12:00p,17.3,12:00m,0.1,1.3,27.4,2.9,25.7,2:00p,NNW
2006,9,30,21.1,26.6,2:00p,17.2,2:00a,0,2.8,0,2.3,25.7,10:00p,NNW
2006,10,1,20.8,25.1,12:00p,17.5,4:00a,0.1,2.5,2.3,1,16.1,2:00a,NNW
2006,10,2,20.2,24.9,10:00a,17.9,6:00a,0,1.9,37.3,1.3,19.3,12:00m,NNW
2006,10,3,20.1,25.7,12:00p,18.1,12:00m,0,1.8,24.6,2.1,25.7,2:00a,NNW
2006,10,4,19.9,25.8,4:00p,17.7,2:00a,0.1,1.8,63,3.2,17.7,4:00p,NNW
2006,10,5,20.5,26,10:00a,17.8,6:00a,0,2.2,4.3,1.8,16.1,12:00p,NNW
2006,10,6,20.1,24.2,12:00p,18.8,12:00m,0,1.8,0.8,3.7,22.5,10:00p,NNW
2006,10,7,20.2,25.2,12:00p,18.6,12:00m,0,1.9,33.8,2.3,35.4,10:00p,NNW
2006,10,8,20.2,25.8,2:00p,18.4,4:00a,0,1.9,13.2,2.3,16.1,12:00p,NNW
2006,10,9,19.3,23.1,12:00p,17.9,6:00a,0,1,26.7,1.3,20.9,8:00a,SSE
2006,10,10,19.6,25,12:00p,17.7,6:00p,0.1,1.5,61,1.8,19.3,12:00m,N
2006,10,11,19.7,24.6,12:00p,17.3,8:00a,0.1,1.5,1.3,3.2,25.7,2:00a,NNW
2006,10,12,20.1,26.4,12:00p,17.8,6:00a,0,1.8,5.6,1.6,12.9,10:00a,NNW
2006,10,13,19.8,24.6,12:00p,17.8,6:00a,0,1.5,14.5,1.9,16.1,2:00a,NNW
2006,10,14,20.1,25.3,10:00a,17.6,6:00a,0,1.8,17.5,1.6,17.7,4:00p,SW
2006,10,15,19.6,25.8,10:00a,18.1,10:00p,0,1.3,49.8,2.1,25.7,6:00p,SSE
2006,10,16,19.1,24.3,12:00p,17.6,4:00a,0.2,0.9,52.6,2.9,19.3,8:00a,NNW
2006,10,17,18.9,22.2,2:00p,17.3,6:00a,0.3,0.9,13.5,2.7,27.4,4:00a,NNW
2006,10,18,18.7,21.8,12:00p,17.5,2:00a,0.2,0.6,63.5,1.1,16.1,6:00p,NNW
2006,10,19,18.4,22.8,12:00p,17.2,12:00m,0.5,0.5,59.2,1.1,12.9,2:00a,SSW
2006,10,20,17.9,20.9,12:00p,16.7,8:00p,0.7,0.4,62.2,1.3,22.5,2:00p,SE
2006,10,21,18.2,19.9,12:00p,17.2,2:00a,0.4,0.2,4.8,1,12.9,8:00a,SSW
2006,10,22,19.6,24.8,12:00p,17.2,6:00a,0.2,1.5,5.1,2.7,16.1,2:00a,NNW
2006,10,23,20.2,24.4,10:00a,18.3,6:00a,0,1.9,31.2,1.8,16.1,8:00a,NNW
2006,10,24,19.8,26.6,12:00p,18.5,6:00a,0,1.5,23.4,2.1,19.3,12:00p,NNW
2006,10,25,19.9,23.6,12:00p,17.9,6:00a,0,1.7,38.9,2.4,27.4,12:00m,NNW
2006,10,26,20.2,25.1,2:00p,17.9,4:00a,0,1.9,0.5,1.3,22.5,12:00p,SE
2006,10,27,20.5,25.9,12:00p,17.8,6:00a,0,2.2,2,2.3,17.7,10:00p,NNW
2006,10,28,19.7,23.6,12:00p,18.2,6:00a,0,1.4,23.1,1.9,16.1,8:00p,NNW
2006,10,29,19.2,23.1,12:00p,17.9,2:00a,0.1,0.9,42.4,2.9,22.5,10:00p,NNW
2006,10,30,19.3,23.4,2:00p,17.1,2:00a,0.2,1.2,12.2,0.8,16.1,12:00p,NNW
2006,10,31,19.7,24.6,12:00p,17.9,6:00a,0.1,1.4,15.7,0.6,12.9,2:00p,NW
2006,11,1,19.2,25,10:00a,17.7,4:00a,0.2,1,14,1.3,16.1,2:00p,SSW
2006,11,2,19.4,25.6,12:00p,17.4,4:00a,0.2,1.3,82,1,30.6,2:00p,S
2006,11,3,19.3,23.7,12:00p,17.3,6:00a,0.2,1.2,0,1.3,17.7,4:00p,S
2006,11,4,19.6,25.5,10:00a,17.2,4:00a,0.2,1.5,47.2,2.4,19.3,12:00p,NNW
2006,11,5,19.6,25.2,12:00p,17.5,4:00a,0.1,1.4,20.8,2.3,19.3,12:00m,NNW
2006,11,6,19.5,25.1,12:00p,18.3,6:00a,0,1.2,18,3.7,17.7,8:00a,NNW
2006,11,7,19.1,25.5,10:00a,17.5,4:00a,0.1,0.9,68.6,1.9,17.7,4:00a,NNW
2006,11,8,19.1,25,12:00p,17.1,6:00a,0.3,1.1,12.7,1.1,20.9,2:00p,NNW
2006,11,9,19.4,23.9,10:00a,17.3,6:00a,0.2,1.3,2.5,0.6,11.3,4:00p,SSW
2006,11,10,19.6,24.9,12:00p,17.1,6:00a,0.2,1.5,9.9,1.9,25.7,12:00m,NNW
2006,11,11,19.3,25.1,12:00p,17.5,10:00p,0.2,1.1,34,2.1,19.3,4:00p,NNW
2006,11,12,19.3,26,12:00p,17.3,6:00a,0.2,1.2,21.1,2.9,19.3,12:00p,NNW
2006,11,13,18.7,23.7,12:00p,17.3,6:00a,0.3,0.7,56.9,1.6,16.1,2:00a,NNW
2006,11,14,18.6,23.6,2:00p,17.2,12:00m,0.5,0.7,17.5,2.1,19.3,4:00a,NNW
2006,11,15,18.1,20.8,10:00a,17,8:00p,0.6,0.4,10.2,1.1,12.9,6:00p,NNW
2006,11,16,19.1,23.8,10:00a,16.7,6:00a,0.4,1.1,4.3,1.6,16.1,2:00p,NNW
2006,11,17,19.3,25.2,10:00a,16.4,4:00a,0.4,1.4,13.5,1.8,16.1,2:00p,NNW
2006,11,18,19.1,24.1,2:00p,17,6:00a,0.2,1,31.2,1,16.1,4:00p,NNW
2006,11,19,19.4,24.9,2:00p,17.3,6:00a,0.1,1.3,12.7,1.6,17.7,4:00a,NNW
2006,11,20,19.3,22.4,10:00a,17.4,6:00a,0.1,1.1,3,0.8,17.7,12:00p,NNW
2006,11,21,19.2,24.7,2:00p,16.9,4:00a,0.3,1.2,1.3,1.1,16.1,2:00p,S
2006,11,22,19.8,25.7,12:00p,16.7,6:00a,0.4,1.9,0.3,2.9,19.3,4:00p,NNW
2006,11,23,18.9,24.1,12:00p,16.7,4:00a,0.4,1,10.2,3.1,17.7,2:00a,NNW
2006,11,24,19.3,25.2,12:00p,16.3,6:00a,0.4,1.4,0.3,2.1,16.1,2:00a,NNW
2006,11,25,19.8,25.4,12:00p,17.3,6:00a,0.2,1.6,7.6,0.8,12.9,12:00p,NNW
2006,11,26,20.3,23.8,12:00p,17.9,6:00a,0,2,1,0.6,12.9,4:00p,SW
2006,11,27,19.2,23.6,10:00a,17.8,12:00m,0.1,1,0.8,2.3,19.3,12:00m,NNW
2006,11,28,18.9,26.6,12:00p,17.3,4:00a,0.3,1,38.1,3.5,20.9,8:00p,NNW
2006,11,29,19.4,23.7,10:00a,17.2,6:00a,0.3,1.5,16,1.3,12.9,2:00a,NNW
2006,11,30,19.9,24.2,12:00p,17.4,6:00a,0.1,1.8,10.4,1.8,17.7,12:00p,NNW
2006,12,1,20.2,25.6,2:00p,18.3,6:00a,0,1.9,16.3,1.3,16.1,12:00p,NNW
2006,12,2,19.4,23.8,2:00p,17.9,12:00m,0,1.2,18.5,2.6,22.5,12:00m,NW
2006,12,3,20.7,26.7,2:00p,17.2,6:00a,0.3,2.7,0,2.7,19.3,12:00p,NNW
2006,12,4,19.9,26.1,2:00p,16.4,12:00m,0.1,1.8,1.5,2.7,38.6,2:00p,NNW
2006,12,5,20.2,26.7,2:00p,16.8,6:00a,0.3,2.1,0.3,1.9,20.9,10:00a,NNW
2006,12,6,19.8,26,10:00a,17.3,6:00a,0.2,1.7,6.9,1,12.9,10:00a,NNW
2006,12,7,19.7,24.3,12:00p,17.4,6:00a,0.2,1.5,25.4,1.3,11.3,6:00a,SSW
2006,12,8,19.8,25.9,2:00p,17.9,6:00a,0,1.6,8.4,2.9,17.7,2:00p,NNW
2006,12,9,19.6,26.3,12:00p,17.7,6:00a,0.1,1.4,30.2,2.4,16.1,6:00a,NNW
2006,12,10,19.7,24.6,2:00p,17.4,6:00a,0.1,1.5,9.1,2.1,16.1,2:00a,NNW
2006,12,11,19.4,22.2,2:00p,17.9,6:00a,0,1.2,2.5,1.8,16.1,2:00a,NNW
2006,12,12,19.4,23.3,12:00p,17.9,6:00a,0.1,1.1,0.3,2.1,17.7,8:00a,NNW
2006,12,13,19.2,24.3,12:00p,17.5,6:00a,0.1,1.1,22.6,2.1,17.7,2:00p,NNW
2006,12,14,20,25.1,12:00p,17.9,6:00a,0.1,1.7,23.9,1.1,12.9,10:00a,SW
2006,12,15,19.2,22.9,12:00p,17.8,6:00a,0.1,1,24.9,0.8,12.9,10:00a,N
2006,12,16,20.2,26.1,10:00a,17.3,6:00a,0.1,2,2.3,1.1,16.1,12:00m,NNW
2006,12,17,20.2,25.9,2:00p,17.3,6:00a,0.2,2.1,0.3,1.1,20.9,12:00p,N
2006,12,18,20.1,25.9,10:00a,16.8,6:00a,0.3,2,0.5,1.1,12.9,2:00p,SSW
2006,12,19,19.3,24.1,12:00p,16.7,6:00a,0.3,1.4,13.7,1.6,12.9,2:00a,NNW
2006,12,20,19.4,24.4,2:00p,17.3,6:00a,0.1,1.2,1.3,2.4,17.7,10:00a,SSW
2006,12,21,19.8,26.2,12:00p,16.8,6:00a,0.2,1.7,5.6,1.1,16.1,10:00a,NNW
2006,12,22,19.9,24.6,2:00p,17.6,6:00a,0.1,1.7,1,2.7,17.7,4:00a,NNW
2006,12,23,19.9,25.1,12:00p,17.5,6:00a,0.1,1.7,2.3,2.1,17.7,8:00p,NNW
2006,12,24,20.2,26.1,12:00p,18.2,4:00a,0,1.9,23.4,2.1,17.7,6:00a,NNW
2006,12,25,19.8,25.8,12:00p,18.2,12:00m,0,1.5,50,1.9,22.5,2:00p,NNW
2006,12,26,19.7,24.2,2:00p,18.1,10:00p,0,1.4,25.4,1.6,19.3,2:00p,NW
2006,12,27,19.6,25.3,12:00p,17.1,8:00a,0.2,1.4,5.3,2.6,16.1,12:00m,NNW
2006,12,28,20.1,23.7,2:00p,17.3,6:00a,0.1,1.9,0.5,1.1,17.7,2:00a,NNW
2006,12,29,20.4,25.4,4:00p,17.6,6:00a,0.1,2.2,0.3,2.1,17.7,10:00a,NW
2006,12,30,20.2,25.7,12:00p,17.3,6:00a,0.1,2,0.3,2.9,20.9,10:00a,NNW
2006,12,31,20.8,27.7,12:00p,17.8,6:00a,0.1,2.6,0.5,2.1,16.1,4:00p,NNW
2007,1,1,21.2,27.1,2:00p,18.2,8:00a,0,2.9,1,1.9,19.3,2:00a,SW
2007,1,2,21.6,27.9,2:00p,16.8,2:00a,0.1,3.4,0.3,2.6,33.8,12:00p,SSE
2007,1,3,21.4,27.2,12:00p,17.5,2:00a,0.1,3.2,0,2.4,25.7,2:00p,SSW
2007,1,4,19.6,22.5,12:00p,17.8,6:00a,0.1,1.4,0.3,2.3,16.1,4:00a,NNW
2007,1,5,20.8,26.6,12:00p,17.5,6:00a,0.1,2.5,0.5,1.8,16.1,2:00a,NNW
2007,1,6,20.6,27.4,12:00p,18.2,12:00m,0,2.3,0,1,20.9,2:00p,NW
2007,1,7,20.7,27.1,12:00p,17.5,6:00a,0.1,2.5,0.3,1.6,30.6,2:00p,N
2007,1,8,20.6,27.3,12:00p,16.6,6:00a,0.3,2.5,0.3,2.6,20.9,12:00p,NNW
2007,1,9,20.6,27.8,2:00p,17.3,6:00a,0.2,2.5,0,2.4,22.5,8:00a,SE
2007,1,10,20.9,27.3,2:00p,16.7,2:00a,0.2,2.8,0,1.8,22.5,4:00p,E
2007,1,11,20.6,26.9,12:00p,16.9,4:00a,0.2,2.5,0,2.3,30.6,6:00p,N
2007,1,12,21.2,26.3,2:00p,17.3,4:00a,0.1,3,0,6,40.2,4:00p,NE
2007,1,13,21.1,27.7,2:00p,16.2,6:00a,0.1,2.9,0,3.9,40.2,2:00a,N
2007,1,14,21.2,26.8,12:00p,17.5,2:00a,0,2.9,0,3.2,35.4,2:00p,N
2007,1,15,21.8,27.6,2:00p,17.4,4:00a,0,3.5,0,3.7,41.8,8:00a,E
2007,1,16,21.3,27.9,2:00p,17.4,4:00a,0.1,3.1,0,2.9,35.4,4:00p,N
2007,1,17,21.3,27.3,2:00p,17.5,6:00a,0.1,3.1,0,3.1,27.4,2:00p,E
2007,1,18,20.8,27.3,12:00p,16.9,6:00a,0.1,2.7,0,2.1,22.5,10:00a,E
2007,1,19,20.9,27.3,2:00p,17.4,2:00a,0.1,2.6,0,2.7,29,4:00p,N
2007,1,20,21,26.9,12:00p,16.9,8:00a,0.1,2.8,0,1.9,25.7,12:00p,NNW
2007,1,21,20.6,26.4,12:00p,17.3,6:00a,0.2,2.4,6.1,1.6,19.3,12:00p,NNW
2007,1,22,20.2,25.5,12:00p,16.8,6:00a,0.2,2.1,38.4,1.8,17.7,10:00a,NNW
2007,1,23,20.7,26.1,2:00p,17.5,8:00a,0.1,2.5,0.5,1.4,17.7,10:00a,NW
2007,1,24,20.7,26.2,12:00p,18.1,2:00a,0,2.4,1.5,1,16.1,12:00p,NNW
2007,1,25,20.3,24.9,4:00p,18.1,6:00a,0,2,0.3,1.9,17.7,10:00a,NNW
2007,1,26,19.6,25,12:00p,17.7,6:00a,0,1.3,14.7,0.5,11.3,2:00p,S
2007,1,27,20.6,27.6,12:00p,16.2,8:00a,0.1,2.4,1,1.3,16.1,2:00p,NNW
2007,1,28,20.6,25.6,10:00a,18.2,6:00a,0,2.2,0.3,2.1,22.5,8:00p,NNW
2007,1,29,21.4,27.1,12:00p,17.9,6:00a,0,3.1,0,1.4,22.5,10:00a,N
2007,1,30,20.9,27.8,12:00p,17.6,4:00a,0.1,2.7,0.3,1.9,22.5,2:00p,NNW
2007,1,31,21.2,28.2,12:00p,17.2,6:00a,0.2,3.1,0.3,2.1,19.3,10:00p,NNW
2007,2,1,21.2,26.7,12:00p,17.7,6:00a,0.1,2.9,0.3,1.4,16.1,4:00p,NNW
2007,2,2,21.3,26.4,12:00p,18.1,6:00a,0,3,0.3,1.1,11.3,12:00p,WSW
2007,2,3,21.4,28.3,10:00a,17.6,12:00m,0.1,3.2,0.3,1.1,16.1,12:00p,SSW
2007,2,4,21.6,28.4,2:00p,17.6,2:00a,0.1,3.3,0.5,1.4,25.7,6:00p,NW
2007,2,5,21.1,25.7,2:00p,18.1,4:00a,0,2.7,0,1.8,17.7,12:00p,N
2007,2,6,21.2,28,2:00p,17.3,12:00m,0.2,3.1,0,2.3,41.8,2:00p,N
2007,2,7,21.3,28.2,2:00p,17.1,6:00a,0.1,3.1,0,1.6,20.9,2:00p,ENE
2007,2,8,20.7,28.2,12:00p,17.3,8:00a,0.1,2.6,0,2.1,16.1,2:00p,NNW
2007,2,9,20.8,27.6,12:00p,17.4,8:00a,0.1,2.5,0.5,2.1,19.3,2:00p,NNW
2007,2,10,20.6,27.1,12:00p,17.7,8:00a,0.1,2.3,0,1.3,16.1,12:00p,SW
2007,2,11,21.1,28.6,12:00p,17.3,8:00a,0.1,2.9,0.3,1.1,16.1,6:00p,NW
2007,2,12,21.2,27.4,12:00p,17.7,6:00a,0.1,3,0.3,1.8,17.7,10:00a,NNW
2007,2,13,21.2,26.6,12:00p,17.9,8:00a,0,2.9,0.3,1.8,17.7,2:00p,NNW
2007,2,14,20.8,25.5,12:00p,17.8,6:00a,0,2.5,2.3,2.1,16.1,2:00p,SW
2007,2,15,20.9,26.1,10:00a,17.9,4:00a,0.1,2.6,0.3,1.8,19.3,2:00p,SSW
2007,2,16,20.1,25.9,2:00p,17.5,4:00a,0.2,2,25.1,1.3,19.3,6:00p,SSW
2007,2,17,19.8,25.6,12:00p,16.7,2:00a,0.3,1.9,1.8,1.3,17.7,2:00p,NNW
2007,2,18,21.3,28.3,12:00p,16.4,8:00a,0.3,3.2,0.3,3.7,30.6,12:00m,E
2007,2,19,20.6,25.2,4:00p,17.2,8:00a,0.2,2.5,0,5.1,33.8,2:00a,E
2007,2,20,19.4,26.1,12:00p,16.2,4:00a,0.5,1.7,1.3,2.4,22.5,2:00p,N
2007,2,21,20.8,28,2:00p,16.7,6:00a,0.4,2.9,0.5,2.1,27.4,12:00p,E
2007,2,22,21.8,28,2:00p,17.9,2:00a,0,3.5,0,5,30.6,12:00p,E
2007,2,23,21,28.4,2:00p,17.2,2:00a,0.2,2.9,0,2.6,33.8,12:00p,E
2007,2,24,20.8,29.2,12:00p,16.7,6:00a,0.4,2.9,0.3,1.3,17.7,4:00p,NNW
2007,2,25,21.1,27.3,12:00p,16.8,4:00a,0.2,3,0.3,1.8,12.9,8:00a,SW
2007,2,26,21.7,28.6,2:00p,17.8,8:00a,0,3.4,0.3,1.1,17.7,12:00p,S
2007,2,27,21.1,26.6,4:00p,18.1,6:00a,0,2.8,0.3,1.9,12.9,4:00a,NNW
2007,2,28,22,27.3,12:00p,18.3,2:00a,0,3.7,0.3,1.4,19.3,4:00p,SSW
2007,3,1,21.7,27.3,2:00p,18.6,2:00a,0,3.4,0.3,3.1,27.4,4:00p,NNW
2007,3,2,22,28.7,12:00p,18.2,6:00a,0,3.7,0.3,1.4,20.9,2:00p,NNW
2007,3,3,21.5,27.6,12:00p,17.9,6:00a,0,3.2,0.5,1.3,17.7,4:00p,NW
2007,3,4,21.3,27.6,12:00p,17.4,12:00m,0,3.1,0.5,2.6,22.5,8:00p,N
2007,3,5,21.2,27.7,2:00p,17.8,12:00m,0.1,2.9,0,4.2,33.8,8:00a,E
2007,3,6,21.4,28.3,2:00p,17.3,6:00a,0.1,3.2,0,3.5,32.2,6:00p,ENE
2007,3,7,20.7,27.9,2:00p,17.3,6:00a,0.2,2.5,0.8,1.9,20.9,4:00p,NW
2007,3,8,20.6,28.2,12:00p,17.6,6:00a,0.1,2.4,0.5,1.9,25.7,12:00p,NNW
2007,3,9,20.9,27.3,12:00p,17.4,6:00a,0.1,2.8,0.3,2.3,19.3,12:00p,NNW
2007,3,10,20.8,25.6,2:00p,17.5,6:00a,0.1,2.6,0.5,1.8,20.9,4:00p,NNW
2007,3,11,21.2,26,12:00p,17.9,4:00a,0.1,2.9,0.3,2.9,32.2,10:00p,SSE
2007,3,12,21.7,28,2:00p,17.6,2:00a,0,3.4,4.8,2.7,30.6,2:00p,SSE
2007,3,13,20.9,27.3,2:00p,17.3,6:00a,0.2,2.8,0.3,3.1,33.8,2:00p,NNW
2007,3,14,20.8,27.4,12:00p,17.2,2:00a,0.1,2.5,0.8,1.6,17.7,10:00a,N
2007,3,15,20.9,25.7,12:00p,17.9,6:00a,0,2.7,5.6,1.6,20.9,4:00p,WNW
2007,3,16,20.3,26.6,10:00a,17.7,6:00a,0.1,2.1,13.2,1.1,22.5,2:00p,NW
2007,3,17,20.2,24.1,12:00p,17.8,6:00a,0,2,0.3,1.1,16.1,12:00m,SW
2007,3,18,20.9,26.4,12:00p,17.8,6:00a,0.1,2.7,0,1.4,16.1,10:00a,NNW
2007,3,19,21.7,27.8,12:00p,17.3,2:00a,0.1,3.4,0.3,2.3,27.4,12:00p,SSE
2007,3,20,21.8,29.2,2:00p,17.4,4:00a,0,3.5,0,2.1,25.7,10:00a,N
2007,3,21,20.8,28.4,12:00p,17.3,2:00a,0.1,2.6,0.8,1.9,20.9,12:00p,NNW
2007,3,22,21.2,28,12:00p,17.9,2:00a,0,3,0.3,1.8,19.3,12:00p,SW
2007,3,23,20.2,25.6,12:00p,17.3,8:00a,0.2,2.1,2.8,1.9,16.1,10:00a,SW
2007,3,24,19.9,27.1,2:00p,17.3,2:00a,0.1,1.7,3.8,1.8,17.7,2:00a,NNW
2007,3,25,20.6,26,12:00p,17.8,4:00a,0,2.3,2,1.3,17.7,4:00p,SSW
2007,3,26,20.2,25.2,10:00a,16.7,6:00a,0.1,1.9,57.4,2.6,17.7,10:00a,NNW
2007,3,27,20.3,26.8,12:00p,17.3,4:00a,0.2,2.2,0.8,1.8,16.1,12:00p,N
2007,3,28,19.5,25,10:00a,17.9,12:00m,0.1,1.2,19.6,1,16.1,2:00p,WSW
2007,3,29,21.1,25.4,12:00p,17.9,2:00a,0,2.8,2,1.3,17.7,4:00p,NNW
2007,3,30,20.8,26.1,2:00p,17.8,10:00p,0,2.5,3,1.3,16.1,12:00p,NW
2007,3,31,20.8,25.1,12:00p,18.1,6:00a,0,2.5,0.3,0.8,16.1,2:00p,NNW
2007,4,1,21.4,26.3,10:00a,18.2,4:00a,0,3.2,0.3,1.8,16.1,10:00a,NNW
2007,4,2,20.9,26.8,10:00a,18.7,4:00a,0,2.7,18.5,1.4,25.7,2:00p,NNW
2007,4,3,20.7,25.4,12:00p,18.5,6:00a,0,2.4,0.8,1.4,12.9,12:00p,N
2007,4,4,20.6,25.4,2:00p,18.7,2:00a,0,2.3,6.1,1.8,19.3,10:00p,NNW
2007,4,5,19.2,23.7,12:00p,17.4,6:00p,0.2,1.1,9.9,2.1,20.9,8:00p,NNW
2007,4,6,20.7,26.9,10:00a,17.3,2:00a,0,2.5,13.5,1.8,19.3,2:00p,NNW
2007,4,7,19.5,24.7,10:00a,17.9,6:00a,0,1.2,46.2,2.1,22.5,4:00p,SSW
2007,4,8,19.9,25.1,10:00a,17.9,6:00a,0,1.7,19.3,2.6,17.7,2:00a,NNW
2007,4,9,20.3,26.4,2:00p,17.5,6:00a,0,2.1,24.1,2.3,19.3,12:00p,NNW
2007,4,10,19.3,24.4,12:00p,17.7,8:00p,0,1.1,45,3.1,22.5,4:00p,NNW
2007,4,11,20.6,26.7,10:00a,16.9,4:00a,0.1,2.5,2.5,1.4,16.1,12:00m,NNW
2007,4,12,20.9,26.7,10:00a,18.4,6:00a,0,2.6,6.1,1.6,19.3,2:00p,NNW
2007,4,13,21.1,26.4,12:00p,18.2,6:00a,0,2.7,0.3,1.6,20.9,4:00p,NNW
2007,4,14,20.3,25.9,2:00p,18.1,10:00p,0,2,16.5,1.4,19.3,8:00p,NNW
2007,4,15,20.9,26.8,2:00p,17.9,2:00a,0.1,2.7,9.4,1.6,20.9,12:00p,NNW
2007,4,16,21.2,26.6,12:00p,17.6,6:00a,0,2.9,0.3,1.3,16.1,10:00a,SSW
2007,4,17,21.3,26.9,4:00p,18.1,6:00a,0,3,6.6,1.9,16.1,12:00p,NNW
2007,4,18,21,26,4:00p,17.7,8:00a,0.1,2.8,0.8,2.4,17.7,8:00p,NNW
2007,4,19,20.4,25.8,12:00p,17.9,4:00a,0.1,2.2,13.5,2.4,17.7,8:00a,NNW
2007,4,20,19.8,25.3,12:00p,17.5,4:00a,0.1,1.6,12.2,1.3,20.9,6:00p,NNW
2007,4,21,19.9,24.4,10:00a,17.9,2:00a,0,1.6,3,0.8,16.1,10:00a,N
2007,4,22,20.1,24.8,12:00p,17.3,8:00a,0.1,1.8,1.3,0.8,16.1,2:00p,NNW
2007,4,23,20.2,25.4,12:00p,17,4:00a,0.2,2.1,10.9,NA,NA,4:00p,NNW
2007,4,24,20.6,26.9,12:00p,18.4,2:00a,0,2.3,1,1.9,17.7,12:00p,NNW
2007,4,25,19.1,26.4,12:00p,17.4,12:00m,0.2,1,51.3,1.8,19.3,12:00p,NNW
2007,4,26,19.6,25.5,12:00p,17.3,6:00a,0.2,1.4,18.5,2.1,19.3,8:00a,NNW
2007,4,27,19.1,23.3,10:00a,17.5,6:00a,0.1,0.9,15.5,2.1,17.7,12:00p,NNW
2007,4,28,19.5,24.1,10:00a,17.3,6:00a,0.1,1.3,55.1,1.3,17.7,8:00p,NNW
2007,4,29,21.2,26.6,2:00p,17,2:00a,0.2,3,0.3,1.3,16.1,10:00a,NNW
2007,4,30,20.5,24.4,2:00p,18.2,6:00a,0,2.2,5.3,1.9,17.7,2:00p,NNW
2007,5,1,19.9,25.2,12:00p,17.9,10:00p,0.1,1.7,39.1,1.3,19.3,4:00p,NNW
2007,5,2,19.6,25.9,10:00a,17.3,4:00p,0.4,1.7,53.1,2.7,22.5,4:00p,NNW
2007,5,3,19.9,24.8,12:00p,17.4,4:00a,0.1,1.7,79.2,1.9,19.3,10:00p,NNW
2007,5,4,19.7,24.3,10:00a,17,6:00a,0.1,1.5,10.7,1.6,22.5,8:00p,NNW
2007,5,5,20.8,25.5,10:00a,17.6,6:00a,0,2.5,20.8,1.3,16.1,12:00p,NNW
2007,5,6,20.2,25.2,10:00a,19.1,2:00a,0,1.9,36.8,1.1,19.3,12:00m,NNW
2007,5,7,20.1,23.3,12:00p,18.2,6:00a,0,1.8,30.7,NA,NA,6:00a,NNW
2007,5,8,20,25,12:00p,18.6,6:00p,0,1.7,17.3,NA,NA,4:00a,NNW
2007,5,9,20.3,23.7,12:00p,18.4,6:00a,0,2,19.3,NA,NA,2:00a,N
2007,5,10,19.8,26,12:00p,18.3,6:00a,0,1.6,2.8,NA,NA,2:00a,NNW
2007,5,11,20.8,24.9,10:00a,18.3,6:00a,0,2.5,18.5,NA,NA,2:00a,NW
2007,5,12,20.4,26.4,12:00p,17.9,10:00p,0,2.1,18.8,NA,NA,6:00a,NNW
2007,5,13,21.2,27.3,10:00a,17.7,2:00a,0.1,2.9,9.7,NA,NA,6:00p,SW
2007,5,14,20.7,25.3,12:00p,17.9,6:00a,0,2.4,0.8,NA,NA,6:00a,NNW
2007,5,15,20.5,24.7,10:00a,18.3,6:00a,0,2.2,19.3,NA,NA,2:00a,NW
2007,5,16,20.1,23.8,2:00p,18.2,8:00p,0,1.8,1.8,NA,NA,2:00a,NNW
2007,5,17,19.6,24.7,12:00p,17.7,12:00m,0.1,1.4,21.6,NA,NA,2:00a,NNW
2007,5,18,20.1,26.6,10:00a,17.7,2:00a,0.1,1.9,25.9,NA,NA,6:00p,NNW
2007,5,19,19.8,24.2,12:00p,17.2,4:00a,0.1,1.7,38.9,NA,NA,2:00a,NNW
2007,5,20,19.4,25,10:00a,17.8,10:00p,0.1,1.3,66,NA,NA,2:00a,NNW
2007,5,21,18.5,21.2,4:00p,17.1,8:00p,0.4,0.6,17,NA,NA,2:00a,NNW
2007,5,22,19.1,24.5,2:00p,16.7,4:00a,0.4,1.2,58.7,NA,NA,2:00a,NNW
2007,5,23,19.1,24.5,12:00p,17.3,2:00a,0.2,1,79.5,NA,NA,2:00a,SW
2007,5,24,18.5,21.3,10:00a,17.4,2:00a,0.2,0.4,51.8,NA,NA,2:00a,NW
2007,5,25,18.9,22.1,2:00p,17.5,2:00a,0.1,0.8,16,NA,NA,2:00a,NW
2007,5,26,20.1,24.6,2:00p,17.9,6:00a,0,1.8,20.1,NA,NA,2:00a,NNW
2007,5,27,20.1,24.5,2:00p,17.9,8:00a,0,1.8,6.3,NA,NA,2:00a,NNW
2007,5,28,19.6,23.2,10:00a,17.7,6:00a,0,1.3,19.8,NA,NA,2:00a,NNW
2007,5,29,19.1,23.2,10:00a,17.9,8:00p,0,0.8,18.5,NA,NA,2:00a,NNW
2007,5,30,18.8,22.8,2:00p,17.2,6:00a,0.2,0.7,52.6,NA,NA,2:00a,NNW
2007,5,31,18.8,23.7,12:00p,17.1,4:00a,0.2,0.8,24.1,NA,NA,4:00a,NNW
2007,6,1,18.8,22.2,12:00p,17.6,4:00a,0.2,0.6,11.7,NA,NA,2:00a,NNW
2007,6,2,19.3,24.3,12:00p,17.7,6:00a,0.1,1.1,8.1,NA,NA,2:00a,NNW
2007,6,3,19.9,24.3,2:00p,17.4,6:00a,0.1,1.7,1.3,NA,NA,2:00a,NNW
2007,6,4,19.2,23.9,2:00p,17.9,4:00a,0,0.9,9.4,NA,NA,2:00a,NNW
2007,6,5,19.4,25.3,12:00p,17.5,4:00a,0.1,1.2,32,NA,NA,2:00a,NNW
2007,6,6,19.1,23.7,12:00p,17.3,4:00a,0.3,1.1,27.4,NA,NA,2:00a,NNW
2007,6,7,18.8,23.3,2:00p,17.1,4:00a,0.3,0.8,41.1,NA,NA,2:00a,NNW
2007,6,8,19.6,23.1,4:00p,17,6:00a,0.1,1.5,0,NA,NA,4:00a,NNW
2007,6,9,18.7,22.4,10:00a,16.7,6:00a,0.5,0.9,61,NA,NA,2:00a,SSW
2007,6,10,19.1,23.4,2:00p,16.7,6:00a,0.3,1.1,0.5,NA,NA,10:00p,SSE
2007,6,11,19.9,24.5,12:00p,17.3,2:00a,0.2,1.7,2.5,NA,NA,2:00a,N
2007,6,12,20.1,25.4,12:00p,17.6,6:00a,0.1,1.9,42.9,NA,NA,2:00a,NNW
2007,6,13,19.8,25.9,2:00p,17.9,6:00a,0.1,1.5,20.1,NA,NA,2:00a,NNW
2007,6,14,19.5,25.9,2:00p,17.3,6:00p,0.3,1.5,40.9,NA,NA,2:00a,NNW
2007,6,15,19.8,25.5,12:00p,17.1,6:00a,0.1,1.6,34.3,NA,NA,4:00p,SE
2007,6,16,20.3,25.5,4:00p,17.7,4:00a,0.1,2,18.3,NA,NA,2:00a,NNW
2007,6,17,19.5,24.1,2:00p,17.9,6:00a,0,1.2,3.3,NA,NA,2:00a,SW
2007,6,18,20.1,24.4,4:00p,17.6,6:00a,0.1,1.9,0.3,NA,NA,2:00a,NNW
2007,6,19,20.6,25.7,12:00p,18.2,4:00a,0,2.3,4.3,NA,NA,2:00a,NNW
2007,6,20,19.7,24.1,12:00p,18.1,6:00a,0,1.4,25.4,NA,NA,2:00a,NNW
2007,6,21,20.1,25.3,12:00p,17.2,6:00a,0.1,1.9,0.3,NA,NA,2:00a,NNW
2007,6,22,20.3,24.7,12:00p,18.5,6:00a,0,2.1,4.3,NA,NA,4:00a,NNW
2007,6,23,19.9,24.4,2:00p,18.1,12:00m,0,1.6,13,NA,NA,2:00a,NNW
2007,6,24,20.2,24.1,2:00p,17.7,6:00a,0.1,2,0.3,NA,NA,6:00a,NNW
2007,6,25,20.6,25.5,2:00p,18.1,6:00a,0,2.3,0.5,NA,NA,2:00a,N
2007,6,26,20.2,24.2,12:00p,17.9,6:00a,0,2,3,NA,NA,6:00a,NNW
2007,6,27,20.6,24.6,12:00p,18.4,6:00a,0,2.2,0.3,NA,NA,2:00a,SSW
2007,6,28,20.1,25.9,12:00p,18.1,10:00p,0,1.8,2,NA,NA,2:00a,NNW
2007,6,29,20.2,24.1,12:00p,18.2,6:00a,0,1.9,3,NA,NA,2:00a,NNW
2007,6,30,20.4,26.1,12:00p,18.3,6:00a,0,2.1,0.3,NA,NA,4:00a,NNW
2007,7,1,20.7,25,12:00p,18.2,6:00a,0,2.4,3,NA,NA,2:00a,NNW
2007,7,2,20.1,26.6,2:00p,17.9,4:00a,0,1.8,0.5,NA,NA,2:00a,NNW
2007,7,3,20.3,25.9,12:00p,18.6,4:00a,0,2,7.9,NA,NA,2:00a,NNW
2007,7,4,21,26.3,2:00p,18.2,4:00a,0,2.7,0.8,NA,NA,2:00a,NNW
2007,7,5,21.2,25.5,4:00p,18.9,2:00a,0,2.9,2.5,NA,NA,2:00a,NNW
2007,7,6,20.8,24.4,10:00a,18.7,6:00a,0,2.6,1.5,NA,NA,2:00a,SW
2007,7,7,20.2,22.7,2:00p,18.9,6:00a,0,1.8,2.8,NA,NA,2:00a,NNW
2007,7,8,19.3,23.3,2:00p,17.9,10:00a,0,1,6.6,NA,NA,4:00a,NW
2007,7,9,19.4,22.7,10:00a,17.7,6:00a,0.1,1.1,12.2,NA,NA,2:00a,NNW
2007,7,10,19.8,25.8,12:00p,17.4,6:00a,0.1,1.6,9.1,NA,NA,2:00a,SW
2007,7,11,20.1,23.3,2:00p,17.7,6:00a,0,1.8,1.8,NA,NA,2:00a,NNW
2007,7,12,19,23.3,10:00a,17.3,6:00a,0.2,0.9,13.7,NA,NA,2:00a,NNW
2007,7,13,20.1,24.5,12:00p,17.2,4:00a,0.2,2,5.8,NA,NA,2:00a,NNW
2007,7,14,19.2,23.7,2:00p,17.6,12:00m,0.1,1,10.2,NA,NA,2:00a,NNW
2007,7,15,19.2,23.8,12:00p,17.2,4:00a,0.3,1.2,9.9,NA,NA,2:00a,NNW
2007,7,16,19.6,25.1,12:00p,17,6:00a,0.2,1.5,2.8,NA,NA,12:00m,NNW
2007,7,17,19.1,22.5,12:00p,17.8,8:00a,0.1,0.9,9.7,NA,NA,2:00a,NNW
2007,7,18,18.8,23.3,10:00a,17.3,6:00a,0.3,0.8,80.8,NA,NA,2:00a,SW
2007,7,19,19.2,24.5,10:00a,17.1,6:00a,0.4,1.3,33.5,NA,NA,2:00a,NNW
2007,7,20,19,23.9,12:00p,16.7,6:00a,0.3,1,38.6,NA,NA,2:00a,NNW
2007,7,21,18.8,23.9,12:00p,17.1,6:00a,0.3,0.8,4.1,NA,NA,2:00a,NNW
2007,7,22,19.5,25,10:00a,17.2,6:00a,0.4,1.7,15,NA,NA,2:00a,NNW
2007,7,23,19.1,24.2,4:00p,16.7,6:00a,0.6,1.4,6.3,NA,NA,12:00m,SSE
2007,7,24,19.6,23.9,10:00a,17.3,2:00a,0.2,1.5,2.3,NA,NA,10:00p,SSE
2007,7,25,19.2,23.2,10:00a,17.5,6:00a,0.2,1.1,2.3,NA,NA,2:00a,NNW
2007,7,26,20.2,24.9,12:00p,17.3,4:00a,0.2,2.1,0.8,NA,NA,2:00a,NNW
2007,7,27,19.4,25.4,12:00p,17.3,4:00p,0.2,1.3,12.4,NA,NA,6:00a,NNW
2007,7,28,20.1,25.8,12:00p,16.7,6:00a,0.3,2,2,NA,NA,4:00a,NNW
2007,7,29,20.1,26.2,10:00a,18.1,4:00a,0,1.8,0.5,NA,NA,2:00a,NNW
2007,7,30,19.9,25.5,2:00p,17.9,10:00p,0,1.6,4.6,NA,NA,2:00a,NNW
2007,7,31,19.3,24.3,12:00p,16.9,6:00a,0.3,1.3,11.4,NA,NA,2:00a,SSW
2007,8,1,19.7,25.9,12:00p,17.4,4:00a,0.1,1.5,5.1,NA,NA,2:00a,NNW
2007,8,2,20.1,25.3,2:00p,17.6,8:00a,0,1.8,0.3,NA,NA,2:00a,NNW
2007,8,3,19.5,24.8,12:00p,17.8,2:00a,0.1,1.3,8.9,NA,NA,2:00a,NNW
2007,8,4,20,24.3,2:00p,17.9,2:00a,0.1,1.7,0.3,NA,NA,12:00m,NNW
2007,8,5,19.4,24.8,12:00p,17.8,10:00p,0.1,1.2,18,NA,NA,2:00a,S
2007,8,6,18.3,24.1,10:00a,16.4,10:00p,0.8,0.8,55.9,NA,NA,2:00a,NNW
2007,8,7,19.4,24.3,12:00p,16.1,4:00a,0.4,1.5,10.9,NA,NA,2:00a,SW
2007,8,8,19.7,23.1,4:00p,17.3,6:00a,0.1,1.6,10.7,NA,NA,2:00a,NNW
2007,8,9,19.1,22.4,12:00p,17.9,4:00a,0.1,0.8,1.3,NA,NA,2:00a,NW
2007,8,10,19.2,23.7,10:00a,17.9,6:00a,0.1,1,13.2,NA,NA,4:00p,NNW
2007,8,11,18.9,22.1,12:00p,17.3,10:00p,0.2,0.8,22.9,NA,NA,2:00a,NNW
2007,8,12,19.2,24.7,2:00p,17.2,12:00m,0.3,1.2,46.5,NA,NA,2:00a,NNW
2007,8,13,19.4,25.8,12:00p,16.4,8:00a,0.4,1.5,15,NA,NA,6:00a,NW
2007,8,14,18.9,25.8,12:00p,16.7,10:00p,0.4,1.1,21.6,2.1,20.9,8:00p,NNW
2007,8,15,19.4,24.5,12:00p,17.1,6:00a,0.2,1.4,25.7,1.8,20.9,2:00p,NNW
2007,8,16,19.3,25.6,12:00p,17.2,2:00a,0.2,1.3,2.5,1.6,22.5,10:00a,NNW
2007,8,17,19.3,25.1,10:00a,17.3,12:00m,0.2,1.2,16,NA,NA,2:00a,NNW
2007,8,18,19.3,24.4,10:00a,17.3,6:00a,0.3,1.3,43.9,NA,NA,4:00p,NNW
2007,8,19,19.9,25.4,10:00a,17.1,4:00a,0.3,1.9,5.3,NA,NA,2:00a,NNW
2007,8,20,19.3,25.1,12:00p,17.2,12:00m,0.2,1.2,18.3,NA,NA,2:00a,NW
2007,8,21,19,25.1,2:00p,16.3,4:00a,0.5,1.2,24.9,NA,NA,2:00a,NNW
2007,8,22,19.9,24.5,4:00p,16.3,6:00a,0.2,1.8,13,NA,NA,8:00p,NNW
2007,8,23,19.3,24.6,2:00p,17.3,6:00a,0.2,1.3,22.6,NA,NA,2:00a,WNW
2007,8,24,19.7,24.1,12:00p,17.1,6:00a,0.2,1.6,4.1,NA,NA,2:00a,NNW
2007,8,25,17.4,19.9,12:00p,16.4,6:00p,0.8,0,11.7,NA,NA,2:00a,NW
2007,8,26,19,24.6,12:00p,16.4,2:00a,0.3,1,5.3,NA,NA,10:00p,NNW
2007,8,27,18.9,25.7,12:00p,16.4,12:00m,0.4,1,84.1,NA,NA,2:00a,NNW
2007,8,28,19.3,25,12:00p,15.5,4:00a,0.5,1.5,9.4,NA,NA,8:00p,N
2007,8,29,18.8,24.4,2:00p,16.9,10:00p,0.4,0.9,35.3,NA,NA,2:00a,NW
2007,8,30,18.9,23.2,10:00a,17.2,4:00a,0.2,0.8,7.4,NA,NA,2:00a,NNW
2007,8,31,18.9,22.9,12:00p,16.8,4:00a,0.5,1.1,18.5,NA,NA,4:00a,SW
2007,9,1,19.1,25.8,12:00p,16.7,2:00a,0.6,1.4,6.3,NA,NA,2:00a,NNW
2007,9,2,19.8,24.9,10:00a,16.7,4:00a,0.3,1.8,12.4,1.3,12.9,12:00p,NW
2007,9,3,19.3,25.7,10:00a,17,12:00m,0.3,1.3,20.6,NA,NA,2:00a,NNW
2007,9,4,19.2,25.9,12:00p,15.9,6:00a,0.5,1.4,21.8,NA,NA,2:00a,NNW
2007,9,5,19.5,25.9,12:00p,17,12:00m,0.4,1.6,7.1,NA,NA,2:00a,NNW
2007,9,6,20.3,25.3,2:00p,17,6:00a,0.1,2.2,20.8,NA,NA,8:00p,N
2007,9,7,20.2,26.2,10:00a,17.5,6:00a,0.1,1.9,4.6,NA,NA,2:00a,NNW
2007,9,8,18.9,25.9,12:00p,16.8,6:00p,0.4,1,18,NA,NA,2:00a,NNW
2007,9,9,19.3,24.8,12:00p,16.4,4:00a,0.5,1.5,11.7,NA,NA,8:00p,NNW
2007,9,10,19.7,24.9,12:00p,16.3,6:00a,0.4,1.8,0.3,NA,NA,2:00a,NNW
2007,9,11,19.5,25.5,12:00p,17.2,6:00a,0.2,1.4,2.3,NA,NA,4:00a,NW
2007,9,12,18.8,25.4,10:00a,17.3,8:00p,0.3,0.8,34,NA,NA,2:00a,NNW
2007,9,13,19.7,23.8,4:00p,15.9,6:00a,0.2,1.6,12.7,NA,NA,2:00a,NNW
2007,9,14,18.2,22.7,12:00p,16.4,8:00p,0.5,0.5,63,NA,NA,2:00a,NNW
2007,9,15,18.6,23.9,12:00p,16.3,6:00a,0.5,0.8,13,NA,NA,6:00p,S
2007,9,16,18.5,23.3,12:00p,16.9,2:00a,0.5,0.7,16.3,NA,NA,2:00a,SSE
2007,9,17,19.8,24.5,12:00p,16.6,6:00a,0.2,1.7,2,NA,NA,12:00m,SW
2007,9,18,19.5,25.9,12:00p,17.7,6:00a,0,1.2,14.7,NA,NA,2:00a,WSW
2007,9,19,19.1,22.4,10:00a,17.6,4:00a,0.1,0.8,15.2,NA,NA,2:00a,NW
2007,9,20,19.8,24.7,12:00p,17,6:00a,0.2,1.7,2.5,NA,NA,2:00a,NNW
2007,9,21,19.6,24.2,2:00p,17.5,2:00a,0.2,1.4,2.5,NA,NA,2:00a,S
2007,9,22,19.5,25.6,12:00p,16.6,12:00m,0.6,1.8,49.3,NA,NA,4:00p,S
2007,9,23,20.3,25.2,12:00p,16.6,2:00a,0.2,2.2,0.3,NA,NA,2:00a,NNW
2007,9,24,19.5,24.2,12:00p,17.2,12:00m,0.2,1.4,7.4,NA,NA,4:00a,NNW
2007,9,25,19.6,23.8,12:00p,16.3,4:00a,0.4,1.7,0.3,NA,NA,2:00a,SW
2007,9,26,19.5,25.4,10:00a,17.3,4:00a,0.1,1.3,46,NA,NA,6:00a,NW
2007,9,27,19.7,26.3,2:00p,17.3,6:00a,0.2,1.5,13,NA,NA,2:00a,NNW
2007,9,28,19.2,24.7,12:00p,17.3,4:00a,0.2,1,5.6,NA,NA,4:00a,NNW
2007,9,29,20.3,25.2,10:00a,17.8,6:00a,0.1,2.1,24.4,NA,NA,2:00a,NNW
2007,9,30,19.3,25.9,2:00p,17.4,12:00m,0.2,1.2,22.4,NA,NA,2:00a,NNW
2007,10,1,18.4,23.3,12:00p,17,12:00m,0.3,0.5,44.2,NA,NA,8:00a,NNW
2007,10,2,19.1,24.1,12:00p,16.4,4:00a,0.5,1.2,4.8,NA,NA,10:00p,NNW
2007,10,3,19.7,25.7,12:00p,17.2,4:00a,0.2,1.6,2.3,NA,NA,2:00a,NNW
2007,10,4,18.9,24.1,10:00a,16.7,8:00p,0.4,1.1,31.2,NA,NA,2:00a,NNW
2007,10,5,19.1,25.1,2:00p,16.8,4:00p,0.5,1.3,17.5,NA,NA,6:00p,NNW
2007,10,6,18.9,23.7,12:00p,17,6:00a,0.3,0.9,22.9,NA,NA,2:00a,SW
2007,10,7,18.7,22.9,12:00p,17.6,6:00a,0.2,0.6,41.1,NA,NA,4:00a,NNW
2007,10,8,18,20.6,12:00p,17.1,6:00p,0.5,0.2,15,NA,NA,2:00a,NNW
2007,10,9,18.2,19.5,10:00a,17.2,4:00a,0.3,0.1,48.5,NA,NA,4:00a,NNW
2007,10,10,18.9,22.3,2:00p,17.6,6:00a,0.1,0.8,30.7,NA,NA,2:00a,NW
2007,10,11,18.9,23.3,12:00p,17.5,6:00a,0.2,0.8,6.3,NA,NA,2:00a,NW
2007,10,12,18.2,23.7,12:00p,16.4,12:00m,0.5,0.4,31.5,NA,NA,2:00a,NNW
2007,10,13,18.9,24.1,12:00p,16.7,2:00a,0.4,1,17,NA,NA,4:00a,NNW
2007,10,14,18.8,22.5,12:00p,17.4,6:00a,0.2,0.6,7.1,NA,NA,6:00a,NW
2007,10,15,18.8,23.3,2:00p,17.4,6:00a,0.3,0.8,28.4,NA,NA,2:00a,NNW
2007,10,16,18.5,21.8,12:00p,17,6:00a,0.3,0.5,8.9,NA,NA,2:00a,NW
2007,10,17,19.3,23.7,12:00p,17.7,6:00a,0.1,1.1,12.4,NA,NA,2:00a,NW
2007,10,18,18.8,22.5,12:00p,17.7,2:00a,0.1,0.7,15.5,NA,NA,2:00a,NNW
2007,10,19,18.3,20.8,12:00p,16.9,12:00m,0.3,0.4,63.5,NA,NA,2:00a,NNW
2007,10,20,18.1,20.8,12:00p,16.7,4:00a,0.5,0.3,55.6,NA,NA,2:00a,NNW
2007,10,21,18.3,22.6,12:00p,17.3,6:00a,0.5,0.6,4.1,NA,NA,4:00a,NNW
2007,10,22,18.4,23.8,10:00a,16.2,2:00p,0.7,0.8,23.9,NA,NA,2:00a,SSW
2007,10,23,19.1,23.8,12:00p,16.7,4:00a,0.4,1.3,48.8,NA,NA,2:00a,SW
2007,10,24,18.7,23.9,2:00p,16.7,6:00a,0.4,0.8,37.1,NA,NA,2:00a,NNW
2007,10,25,18.1,19.2,10:00a,17.4,4:00a,0.3,0.2,4.6,NA,NA,2:00a,NNW
2007,10,26,18.8,23.1,12:00p,16.9,6:00a,0.3,0.8,17.5,NA,NA,2:00a,NW
2007,10,27,18.3,22.1,12:00p,16.8,8:00a,0.5,0.5,18.3,NA,NA,2:00a,NNW
2007,10,28,18.3,23.7,12:00p,16.7,6:00a,0.5,0.5,18,NA,NA,2:00a,NNW
2007,10,29,18.6,23.3,10:00a,17.3,6:00a,0.3,0.6,18.8,NA,NA,2:00a,NW
2007,10,30,18.3,21.6,10:00a,17.4,4:00a,0.3,0.3,67.8,NA,NA,2:00a,NW
2007,10,31,18.3,21.6,12:00p,16.7,10:00p,0.6,0.5,20.6,NA,NA,2:00a,NNW
2007,11,1,18.1,19.8,12:00p,17.1,2:00a,0.4,0.2,23.6,NA,NA,2:00a,NNW
2007,11,2,18.6,23.1,10:00a,16.8,6:00a,0.4,0.6,61.5,NA,NA,2:00a,NNW
2007,11,3,18.8,22.8,12:00p,17.3,6:00a,0.2,0.8,24.4,NA,NA,2:00a,SSW
2007,11,4,19.4,24.2,12:00p,17.5,4:00a,0.2,1.4,31.2,NA,NA,2:00a,SSW
2007,11,5,18.5,22,12:00p,17.3,6:00a,0.2,0.4,8.4,NA,NA,2:00a,SW
2007,11,6,18.9,22.9,12:00p,17.3,4:00p,0.2,0.8,25.7,NA,NA,2:00a,NNW
2007,11,7,19.6,24.9,2:00p,17.6,4:00a,0.1,1.4,2,NA,NA,2:00a,WSW
2007,11,8,19.1,22.5,2:00p,17.9,12:00m,0.1,0.9,98.6,NA,NA,8:00p,WSW
2007,11,9,18.7,21.8,10:00a,17.5,12:00m,0.3,0.6,24.6,0,9.7,12:00p,S
2007,11,10,18.3,22.1,2:00p,17.3,8:00a,0.5,0.5,16,NA,NA,12:00p,NNW
2007,11,11,18.2,22.3,12:00p,16.9,4:00a,0.7,0.6,17.5,NA,NA,2:00a,SSE
2007,11,12,18.6,22.7,2:00p,17.2,2:00a,0.4,0.8,14.2,NA,NA,2:00a,NW
2007,11,13,18.8,23.7,12:00p,16.8,4:00a,0.3,0.8,10.9,NA,NA,2:00a,NNW
2007,11,14,19.4,24.5,2:00p,17.3,12:00m,0.2,1.2,1.3,NA,NA,2:00a,NNW
2007,11,15,19.2,24.5,10:00a,16.8,6:00a,0.4,1.3,3.6,0.5,20.9,4:00p,NNW
2007,11,16,19.8,24.5,2:00p,17,6:00a,0.3,1.8,0.5,1.3,16.1,12:00p,SW
2007,11,17,19.7,24.6,12:00p,17.7,6:00a,0.1,1.5,2.3,1.9,25.7,2:00p,NNW
2007,11,18,20.4,25.1,12:00p,17.2,6:00a,0.2,2.3,0.3,1.9,20.9,4:00p,NNW
2007,11,19,20,24.1,10:00a,18.1,6:00a,0,1.7,1,1.4,12.9,6:00a,NNW
2007,11,20,20.1,26,2:00p,17.8,6:00a,0,1.9,9.7,2.9,27.4,10:00p,NW
2007,11,21,19.5,25.9,12:00p,17.5,4:00a,0.2,1.3,33,1.3,19.3,2:00p,NNW
2007,11,22,19.5,25.2,12:00p,17.4,12:00m,0.1,1.2,5.1,1.9,54.7,8:00p,NNW
2007,11,23,19.8,25.1,2:00p,17,6:00a,0.2,1.7,7.1,1.3,17.7,10:00a,NNW
2007,11,24,19.9,24.1,2:00p,17.9,6:00a,0.1,1.7,6.3,1.3,16.1,4:00p,NNW
2007,11,25,20,25,2:00p,17.2,6:00a,0.2,1.9,14,1.9,12.9,2:00a,NNW
2007,11,26,19.9,23.7,12:00p,17.9,4:00a,0,1.6,6.9,1.9,17.7,10:00a,NNW
2007,11,27,19.6,22.9,12:00p,18.5,12:00m,0,1.3,9.1,1.4,16.1,12:00p,NNW
2007,11,28,19.8,25.6,2:00p,17.4,6:00a,0.2,1.7,0.8,1.8,19.3,10:00a,NNW
2007,11,29,19.1,24.1,12:00p,16.4,6:00a,0.5,1.3,2,2.1,22.5,6:00p,NNW
2007,11,30,19.1,24.4,12:00p,16.7,6:00a,0.5,1.3,5.6,1.3,20.9,10:00a,NNW
2007,12,1,18.7,24.2,2:00p,16.4,6:00a,0.6,1,11.7,1.6,12.9,10:00a,NW
2007,12,2,18.7,23.3,2:00p,16.1,4:00a,0.6,1,1.3,1.3,17.7,12:00p,NNW
2007,12,3,18.7,23.7,2:00p,16.7,6:00a,0.5,0.9,2.5,1.6,20.9,2:00p,NNW
2007,12,4,18.3,25.5,12:00p,16.4,8:00a,0.8,0.8,35.8,1,19.3,12:00p,NNW
2007,12,5,18.4,24.2,2:00p,16.7,4:00a,0.6,0.8,29.5,1.6,16.1,6:00a,NNW
2007,12,6,18.7,22.8,10:00a,16.7,6:00a,0.5,0.9,7.6,0.6,12.9,2:00p,NNW
2007,12,7,19.2,24.6,4:00p,16.3,6:00a,0.7,1.6,0.3,1.3,19.3,4:00p,NW
2007,12,8,18.9,25.1,12:00p,15.7,6:00a,0.4,1,0.8,1.4,19.3,6:00a,NNW
2007,12,9,19.5,24.8,2:00p,17.2,6:00a,0.4,1.6,1,2.1,27.4,2:00p,NNW
2007,12,10,19.3,26.3,12:00p,16.6,12:00m,0.4,1.3,0.3,1.4,17.7,12:00p,NNW
2007,12,11,18.6,22.9,10:00a,16.6,4:00a,0.6,0.9,21.3,1.3,17.7,2:00p,NW
2007,12,12,18.9,23.7,2:00p,16.7,6:00a,0.4,1,12.7,0.5,11.3,10:00a,SSW
2007,12,13,18.7,23.1,2:00p,16.7,6:00a,0.5,0.9,7.4,1,12.9,2:00p,SSW
2007,12,14,19.2,24.5,2:00p,17.3,2:00a,0.2,1.2,0.3,1,12.9,12:00p,NNW
2007,12,15,19.1,24.2,12:00p,16.8,6:00a,0.3,1.1,1,2.3,17.7,2:00p,NNW
2007,12,16,18.8,23.8,12:00p,17.3,6:00a,0.3,0.8,37.8,2.9,20.9,8:00a,NNW
2007,12,17,19.3,25.5,12:00p,16.7,4:00a,0.6,1.5,6.9,1.1,17.7,12:00p,SSW
2007,12,18,18.9,24.1,10:00a,16.4,6:00a,0.7,1.4,0.3,1.4,16.1,4:00p,NNW
2007,12,19,19.2,25.5,12:00p,15.4,6:00a,0.8,1.6,1,2.1,22.5,2:00p,NW
2007,12,20,18.7,24.6,2:00p,15.8,6:00a,0.7,1.1,0.5,1,12.9,2:00p,SW
2007,12,21,18.6,23.4,12:00p,16.7,6:00a,0.4,0.7,10.4,1.1,19.3,12:00p,NW
2007,12,22,19.4,23.2,10:00a,17.5,6:00a,0.2,1.3,1.8,1.3,17.7,2:00p,NNW
2007,12,23,19,23.7,2:00p,17.6,6:00a,0.2,0.9,13.2,1.4,25.7,12:00m,NNW
2007,12,24,19.2,22.6,2:00p,17,6:00a,0.2,1.1,1.5,0.8,16.1,12:00m,NNW
2007,12,25,18.8,20.7,2:00p,17.4,12:00m,0.1,0.6,2.8,1.3,20.9,12:00m,NW
2007,12,26,19.5,25.5,12:00p,16.9,6:00a,0.4,1.6,0.3,1,12.9,12:00p,NNW
2007,12,27,19.2,25.2,12:00p,16.4,4:00a,0.5,1.4,5.8,2.1,16.1,2:00a,NNW
2007,12,28,18.8,23.9,12:00p,16.9,4:00a,0.4,0.9,11.4,2.9,19.3,6:00a,NNW
2007,12,29,19.3,23.6,4:00p,17.3,6:00a,0.2,1.3,0.3,1.3,27.4,4:00p,NNW
2007,12,30,19.5,24.4,2:00p,17.1,6:00a,0.3,1.5,3.8,2.3,17.7,10:00a,NNW
2007,12,31,19.7,25.4,2:00p,17.1,6:00a,0.3,1.7,9.7,0.8,12.9,4:00p,NNW
2008,1,1,19.7,25.7,12:00p,16.1,6:00a,0.5,1.8,0.3,1.8,29,6:00p,NNW
2008,1,2,20.1,26.3,12:00p,16.4,6:00a,0.3,2.1,0.3,5.1,46.7,10:00p,E
2008,1,3,19.9,25.6,12:00p,16.4,4:00a,0.2,1.8,0,6.8,46.7,12:00p,E
2008,1,4,19.5,26,4:00p,15.8,12:00m,0.7,1.9,0,4.3,40.2,10:00a,E
2008,1,5,19.4,26.7,2:00p,15.3,6:00a,0.7,1.8,0.3,2.1,27.4,2:00p,NNW
2008,1,6,19.4,24.1,2:00p,17,6:00a,0.4,1.4,0.3,1.3,11.3,2:00a,NNW
2008,1,7,19.3,24.1,2:00p,16.6,8:00a,0.4,1.4,0.3,2.1,20.9,4:00p,N
2008,1,8,18.8,24.3,2:00p,16.7,4:00a,0.5,1,0,1.1,17.7,12:00p,NNW
2008,1,9,18.5,25.3,12:00p,15.6,6:00a,0.9,1.1,8.4,1,22.5,4:00p,NNW
2008,1,10,18.6,23.7,4:00p,15.8,6:00a,1,1.2,0.5,0.5,11.3,6:00a,NNW
2008,1,11,19.1,23.7,10:00a,15.6,6:00a,0.6,1.4,1.8,0,0,NA,NA
2008,1,12,18.6,23.6,12:00p,16.1,12:00m,0.7,1.1,0.5,0.8,16.1,12:00p,SW
2008,1,13,19.1,25.9,10:00a,15.4,6:00a,0.9,1.7,0.3,1.3,11.3,12:00p,NNW
2008,1,14,18.9,24.3,10:00a,15.3,6:00a,0.9,1.5,0,1.6,16.1,12:00p,NNW
2008,1,15,18.8,23.6,2:00p,15.8,8:00a,0.6,1.1,0.3,2.4,17.7,12:00p,NNW
2008,1,16,19.2,24.6,2:00p,17.3,8:00a,0.2,1.1,3.8,2.9,19.3,10:00a,NNW
2008,1,17,19.7,25.2,12:00p,16.7,8:00a,0.5,1.8,0.3,0.6,12.9,4:00p,SW
2008,1,18,19.3,23.8,2:00p,17.2,6:00a,0.3,1.3,0,1.3,17.7,10:00a,NNW
2008,1,19,19.5,23.4,12:00p,16.6,6:00a,0.2,1.4,37.8,1.4,17.7,10:00a,SW
2008,1,20,19.9,24.9,2:00p,17.4,6:00a,0.2,1.8,0.5,1.3,16.1,2:00p,NNW
2008,1,21,20.2,25.6,12:00p,16.8,6:00a,0.3,2.2,0.5,2.9,27.4,4:00p,SE
2008,1,22,20.2,26.6,12:00p,15.8,6:00a,0.4,2.3,0.3,2.1,20.9,2:00p,N
2008,1,23,19.6,24.9,2:00p,15.2,6:00a,0.5,1.8,0,1.6,17.7,12:00p,SSW
2008,1,24,20,25.5,12:00p,16.1,6:00a,0.5,2.2,0.5,2.9,29,6:00p,NNW
2008,1,25,20.6,27.3,12:00p,16.4,4:00a,0.4,2.7,0,3.1,29,4:00p,SE
2008,1,26,20,25.5,2:00p,16.1,4:00a,0.6,2.3,0.3,1.6,20.9,6:00p,NNW
2008,1,27,19.7,26.9,12:00p,16.3,6:00a,0.7,2.2,0.3,1.9,17.7,12:00p,SE
2008,1,28,19.5,26.4,2:00p,15.8,6:00a,0.9,2.1,0.3,2.9,29,12:00p,NNW
2008,1,29,18.6,23.4,2:00p,15.4,2:00a,0.9,1.2,0,1.3,17.7,12:00p,E
2008,1,30,19.3,26.2,2:00p,15.3,8:00a,0.8,1.7,0.3,1.1,19.3,4:00p,NNW
2008,1,31,18.4,24.6,12:00p,15.3,6:00a,1,1.1,0,1.8,16.1,2:00p,NNW
2008,2,1,18.7,25.6,12:00p,15.6,12:00m,0.9,1.3,2,1.3,16.1,4:00p,NNW
2008,2,2,19.2,25.5,2:00p,15.3,2:00a,0.8,1.6,0.3,1.8,17.7,12:00p,SSE
2008,2,3,19.7,27.2,12:00p,16.1,10:00p,0.7,2.1,0,1.3,12.9,10:00a,ENE
2008,2,4,19.6,26.7,12:00p,15.7,4:00a,0.8,2,0,1.1,17.7,2:00p,S
2008,2,5,19.4,25.1,2:00p,15.6,6:00a,0.7,1.7,0.3,1.9,12.9,12:00p,NNW
2008,2,6,19.4,25.1,10:00a,16.7,6:00a,0.4,1.5,1.3,1.1,12.9,2:00p,NNW
2008,2,7,19.7,26.9,12:00p,17.2,6:00a,0.3,1.6,1.5,1.4,20.9,4:00p,NNW
2008,2,8,20.3,25.9,10:00a,17.2,6:00a,0.1,2.1,0.3,2.3,19.3,12:00p,NNW
2008,2,9,20.3,27.7,12:00p,16.3,4:00a,0.4,2.3,0.5,2.1,17.7,4:00p,NNW
2008,2,10,20.6,26.9,2:00p,16.9,2:00a,0.1,2.4,0.8,1.3,22.5,4:00p,N
2008,2,11,19.9,26,12:00p,16.8,6:00a,0.3,2,0.3,3.1,32.2,2:00p,NNW
2008,2,12,19.8,25.3,12:00p,16.7,4:00a,0.4,1.9,7.9,2.6,12.9,4:00a,NNW
2008,2,13,20.2,24.7,12:00p,17.5,4:00a,0.1,2,0.3,1.9,16.1,2:00p,NNW
2008,2,14,20.3,27.6,12:00p,17.7,8:00a,0.1,2.1,0.8,2.3,29,10:00a,NNW
2008,2,15,20.2,26,12:00p,16.8,6:00a,0.2,2.1,0,2.1,19.3,12:00p,SE
2008,2,16,20.1,28.2,12:00p,17.5,2:00a,0.3,2,17.8,1.4,20.9,10:00a,NNW
2008,2,17,18.8,23.7,10:00a,17.2,12:00m,0.3,0.8,8.1,1.3,22.5,8:00p,NNW
2008,2,18,18.7,24.1,12:00p,16.8,8:00a,0.4,0.8,13.7,1.3,16.1,8:00p,NNW
2008,2,19,18.8,23.7,2:00p,16.7,6:00a,0.5,1.1,0.3,0.5,17.7,4:00p,NW
2008,2,20,18.5,25.4,12:00p,16.2,6:00a,0.7,0.9,6.1,1.4,16.1,12:00p,NNW
2008,2,21,18.2,23.3,10:00a,16.4,6:00a,0.7,0.6,7.6,1.6,16.1,10:00p,NNW
2008,2,22,19.3,24.5,12:00p,16.6,4:00a,0.5,1.4,30.7,1,20.9,2:00p,NNW
2008,2,23,19.4,25.1,12:00p,17,6:00a,0.4,1.5,5.1,1.4,19.3,2:00p,NNW
2008,2,24,20.1,24.8,12:00p,16.7,6:00a,0.4,2.2,0.5,1.9,12.9,4:00a,NNW
2008,2,25,19.6,25.3,12:00p,16.7,6:00a,0.3,1.6,4.1,1,17.7,6:00p,SW
2008,2,26,19.7,25.8,12:00p,17.2,2:00a,0.2,1.6,0.5,1.1,12.9,12:00p,NNW
2008,2,27,18.8,24.3,12:00p,16.4,12:00m,0.6,1.1,16.8,1,12.9,6:00p,NNW
2008,2,28,20.2,25.6,12:00p,16.9,2:00a,0.3,2.2,0.3,1.9,27.4,6:00p,N
2008,2,29,20.2,26.7,2:00p,15.9,6:00a,0.5,2.4,0.3,2.3,25.7,4:00p,NNW
2008,3,1,20.7,26.9,2:00p,16.7,6:00a,0.4,2.7,0,1.9,29,2:00p,SE
2008,3,2,20.4,27.2,2:00p,16.4,6:00a,0.3,2.4,0,1.9,19.3,8:00p,N
2008,3,3,20.5,27.4,12:00p,15.6,6:00a,0.5,2.7,0,1.9,16.1,2:00p,NNW
2008,3,4,20.1,25.8,12:00p,17.3,6:00a,0.1,1.9,0,1.8,17.7,2:00p,NNW
2008,3,5,19,25.2,12:00p,16.6,12:00m,0.4,1.1,1.3,1.4,19.3,4:00p,WSW
2008,3,6,19.9,27.1,12:00p,16.9,2:00a,0.3,1.9,3,1.1,17.7,2:00p,SSW
2008,3,7,20.3,26,2:00p,16.9,6:00a,0.3,2.2,4.1,1.3,20.9,6:00p,SSW
2008,3,8,19.7,25.5,12:00p,17.4,12:00m,0.2,1.6,1,1.4,20.9,12:00p,SSW
2008,3,9,19.3,26.6,2:00p,15.8,6:00a,0.9,1.9,0.3,1.9,19.3,12:00p,NNW
2008,3,10,19.6,26.1,12:00p,15.8,4:00a,0.6,1.9,0,1.3,22.5,12:00p,SW
2008,3,11,19.7,26.4,2:00p,16.1,8:00a,0.5,1.9,0,1.4,20.9,12:00p,NW
2008,3,12,19.4,24.6,10:00a,16.8,6:00a,0.3,1.4,0.3,1.3,16.1,10:00a,N
2008,3,13,18.3,23.6,12:00p,16.7,12:00m,0.7,0.7,3,2.3,17.7,10:00p,NNW
2008,3,14,19.3,25.2,10:00a,17.1,2:00a,0.4,1.3,1.8,0.8,12.9,2:00p,SE
2008,3,15,20,26.8,12:00p,17.2,6:00a,0.3,1.9,11.7,1.6,17.7,2:00p,NNW
2008,3,16,20.6,25.7,12:00p,17.3,4:00a,0.2,2.5,0.3,1.3,20.9,8:00p,N
2008,3,17,20.8,26.6,12:00p,17.8,6:00a,0.1,2.6,0,2.1,20.9,4:00p,NNW
2008,3,18,19.4,26.1,10:00a,16.7,4:00p,0.4,1.5,6.9,2.6,25.7,4:00p,NNW
2008,3,19,19.9,26.4,12:00p,17.2,2:00a,0.2,1.8,0.8,1.9,12.9,8:00a,NNW
2008,3,20,20,24.9,12:00p,17.5,10:00p,0.1,1.8,4.3,1.3,20.9,2:00p,NNW
2008,3,21,20.7,26.3,4:00p,17,6:00a,0.2,2.6,0.3,2.3,22.5,8:00p,NNW
2008,3,22,20.2,26.4,12:00p,17.3,2:00a,0.1,2,8.6,1.3,12.9,12:00p,NW
2008,3,23,20.5,25.7,12:00p,17.8,4:00a,0.1,2.3,0.5,1.4,17.7,4:00p,NNW
2008,3,24,21.1,26.4,2:00p,18.1,12:00m,0,2.7,2,1.1,17.7,12:00p,NNE
2008,3,25,21.4,27.3,2:00p,17.7,6:00a,0,3.1,0.3,1.8,19.3,12:00p,SE
2008,3,26,21.2,27.3,12:00p,17.6,6:00a,0.1,2.9,0,2.4,29,4:00p,SE
2008,3,27,20.6,26.4,10:00a,17.3,6:00a,0.2,2.4,9.1,1.9,17.7,12:00p,NNW
2008,3,28,20.3,26.8,12:00p,18.1,6:00a,0,2.1,0.3,1.8,16.1,10:00a,NNW
2008,3,29,19.9,27.4,12:00p,17.7,10:00p,0.1,1.7,1.5,1,12.9,12:00p,N
2008,3,30,19.9,27.6,12:00p,16.8,6:00a,0.3,1.9,43.9,1.9,16.1,6:00p,SW
2008,3,31,19.2,23.8,12:00p,17,12:00m,0.4,1.3,1,1.3,16.1,2:00p,SW
2008,4,1,19.9,25.7,12:00p,17.5,4:00a,0.1,1.7,0.5,1.3,16.1,2:00p,NNW
2008,4,2,19.5,25.6,12:00p,16.7,6:00a,0.3,1.5,10.4,1.3,19.3,6:00p,N
2008,4,3,20,25.1,10:00a,17.2,6:00a,0.3,1.9,0,0.8,17.7,2:00p,SW
2008,4,4,19.6,25,2:00p,17,6:00a,0.4,1.6,1.5,1.8,19.3,6:00p,N
2008,4,5,20.2,26.3,12:00p,17.2,6:00a,0.2,2.1,5.1,1.1,17.7,2:00p,NNW
2008,4,6,19.8,26,10:00a,17.3,4:00a,0.2,1.7,3.6,1.4,17.7,6:00p,NNW
2008,4,7,19.8,25,2:00p,17.2,12:00m,0.2,1.6,14.2,1.6,27.4,4:00p,NNW
2008,4,8,19.2,24.9,12:00p,17.3,2:00a,0.2,1.1,11.2,1.4,12.9,6:00p,NNW
2008,4,9,19.3,25.6,12:00p,17.3,8:00p,0.3,1.3,32,2.1,19.3,6:00p,NNW
2008,4,10,18.8,22.4,12:00p,17.1,6:00a,0.4,0.8,2,2.3,22.5,8:00p,NNW
2008,4,11,18.9,24.3,12:00p,17.3,6:00a,0.3,1,7.4,1.3,12.9,8:00p,NW
2008,4,12,19.2,24.3,10:00a,17.1,6:00a,0.3,1.1,12.4,1.1,20.9,2:00p,NNW
2008,4,13,19.7,25.8,12:00p,17.2,6:00a,0.2,1.6,23.1,1.4,16.1,2:00p,NNW
2008,4,14,19.1,25.3,10:00a,16.8,10:00p,0.3,1.1,54.4,1.6,27.4,12:00p,NNW
2008,4,15,20.9,26.8,2:00p,17.7,2:00a,0,2.6,0.3,1.4,22.5,6:00p,E
2008,4,16,21.2,27.8,12:00p,17.6,6:00a,0.1,3,0,1.4,29,12:00p,NNW
2008,4,17,20.4,25.8,2:00p,18.1,6:00a,0,2.2,5.6,1.1,17.7,10:00a,NNW
2008,4,18,20.7,26.6,10:00a,17.6,6:00a,0.1,2.5,0.8,2.3,17.7,12:00p,NNW
2008,4,19,20.6,24.4,12:00p,18.7,4:00a,0,2.3,13.7,1.3,12.9,4:00p,NNW
2008,4,20,20.7,26,2:00p,18.4,6:00a,0,2.4,0.5,2.1,16.1,6:00p,NNW
2008,4,21,20.9,26.3,12:00p,18.6,8:00p,0,2.6,0.3,2.4,19.3,4:00p,NNW
2008,4,22,20.6,26.2,10:00a,18.4,6:00a,0,2.3,17.3,1.4,19.3,4:00p,NNW
2008,4,23,20.6,26.6,12:00p,17.9,4:00a,0.1,2.3,2,1.8,17.7,12:00p,NNW
2008,4,24,20.4,25.3,2:00p,18.2,4:00a,0,2.1,2.3,1.6,12.9,12:00p,NNW
2008,4,25,20.4,25.2,12:00p,17.7,6:00a,0.1,2.1,0.5,0.6,17.7,12:00p,NNW
2008,4,26,20.9,26.3,12:00p,18.4,4:00a,0,2.6,9.1,2.1,22.5,8:00p,N
2008,4,27,20.6,24.8,2:00p,17.8,6:00a,0,2.3,9.1,1.1,22.5,12:00p,N
2008,4,28,20.8,25.2,2:00p,18.6,6:00a,0,2.5,0,1.9,16.1,2:00p,NNW
2008,4,29,20.1,24.9,12:00p,17.7,4:00p,0,1.9,46,2.1,22.5,4:00p,NNW
2008,4,30,19.1,26.3,12:00p,17.6,8:00p,0.2,1,5.6,2.3,16.1,12:00p,NNW
2008,5,1,19.7,25.6,10:00a,17.2,6:00a,0.2,1.5,4.1,1.8,20.9,2:00p,NNW
2008,5,2,20.1,24.7,10:00a,17.9,6:00a,0.1,1.9,21.6,1.3,12.9,2:00p,NNW
2008,5,3,19.8,23.9,2:00p,17.4,6:00a,0.1,1.6,0.8,1.4,17.7,2:00p,NNW
2008,5,4,20.2,25.6,12:00p,17.6,6:00a,0.1,2,0.3,1.1,16.1,2:00p,SSW
2008,5,5,19.7,23.7,2:00p,17.3,6:00a,0.1,1.6,0,1.4,16.1,10:00a,NNW
2008,5,6,20.7,26.6,12:00p,16.7,6:00a,0.2,2.7,0.5,1.3,16.1,2:00p,NNW
2008,5,7,20.8,25.5,2:00p,17.2,6:00a,0.1,2.6,1.3,1.4,16.1,10:00a,NNW
2008,5,8,20.8,25.8,12:00p,17.8,6:00p,0,2.5,17.8,2.7,25.7,6:00p,NNW
2008,5,9,21.2,26.4,10:00a,18.4,6:00a,0,1.4,0.3,2.1,16.1,12:00p,NNW
2008,5,10,21,23,NA,16.5,NA,NA,NA,54.5,NA,NA,NA,NA
2008,5,11,20.2,24,NA,16.5,NA,NA,NA,4,NA,NA,NA,NA
2008,5,12,21,24,NA,16,NA,NA,NA,1,NA,NA,NA,NA
2008,5,13,20,26,NA,16.5,NA,NA,NA,8,NA,NA,NA,NA
2008,5,14,20,25,NA,17.5,NA,NA,NA,0,NA,NA,NA,NA
2008,5,15,21.5,25,NA,17.5,NA,NA,NA,7,NA,NA,NA,NA
2008,5,16,20,20,NA,22,NA,NA,NA,4,NA,NA,NA,NA
2008,5,17,21.3,22,NA,22,NA,NA,NA,2.3,NA,NA,NA,NA
2008,5,18,20.2,25,NA,17,NA,NA,NA,9.4,NA,NA,NA,NA
2008,5,19,19.5,23,NA,16,NA,NA,NA,4.8,NA,NA,NA,NA
2008,5,20,20,22,NA,16,NA,NA,NA,42.8,NA,NA,NA,NA
2008,5,21,19,22,NA,16,NA,NA,NA,40.2,NA,NA,NA,NA
2008,5,22,19,21.5,NA,16.5,NA,NA,NA,5.6,NA,NA,NA,NA
2008,5,23,19,23,NA,15.5,NA,NA,NA,13.4,NA,NA,NA,NA
2008,5,24,19.5,23,NA,16,NA,NA,NA,13.6,NA,NA,NA,NA
2008,5,25,19,23.5,NA,15,NA,NA,NA,8.4,NA,NA,NA,NA
2008,5,26,18,23,NA,16,NA,NA,NA,7.2,NA,NA,NA,NA
2008,5,27,18,19,NA,16,NA,NA,NA,99.2,NA,NA,NA,NA
2008,5,28,16.5,20,NA,16,NA,NA,NA,74,NA,NA,NA,NA
2008,5,29,17.4,18.3,4:00p,16.8,12:00m,0.5,0,20.3,3.1,40.2,2:00p,SW
2008,5,30,19.7,24.4,12:00p,16.4,4:00a,0.4,1.8,2.5,2.3,12.9,10:00p,NNW
2008,5,31,20.6,26.8,10:00a,17.5,4:00a,0.1,2.4,26.7,1.3,16.1,12:00p,NNW
2008,6,1,19.1,22.9,2:00p,17.8,6:00a,0.1,0.9,8.4,2.6,16.1,4:00p,NNW
2008,6,2,19.7,25,2:00p,17.2,6:00a,0.2,1.7,18.8,2.3,17.7,12:00p,NNW
2008,6,3,19.1,25,12:00p,17.3,12:00m,0.2,1,1.5,2.7,22.5,8:00p,SSE
2008,6,4,19.6,25.5,12:00p,17.6,6:00a,0.1,1.4,55.9,2.1,16.1,10:00a,NNW
2008,6,5,20.3,25.8,12:00p,17.1,6:00a,0.2,2.2,3.8,1.3,16.1,2:00p,NNW
2008,6,6,19.4,24.8,12:00p,17.5,4:00a,0.1,1.2,13.5,1.3,19.3,2:00p,NNW
2008,6,7,19.4,23.7,12:00p,17.3,6:00a,0.1,1.2,16.8,1.8,17.7,6:00p,NNW
2008,6,8,19,24.7,12:00p,17.3,4:00a,0.2,0.9,8.4,0.8,17.7,2:00p,NNW
2008,6,9,19.4,23.1,12:00p,17.3,6:00a,0.2,1.3,4.3,1.3,16.1,12:00p,SSE
2008,6,10,20,24.6,12:00p,17.6,4:00a,0.1,1.8,0.3,1.6,17.7,12:00p,NW
2008,6,11,20.2,24.7,12:00p,17.9,4:00a,0,1.9,5.3,1.1,16.1,2:00p,NNW
2008,6,12,19.8,23.8,12:00p,18.2,6:00a,0,1.5,8.1,1.8,17.7,2:00p,NNW
2008,6,13,20.1,25.9,12:00p,18.5,4:00a,0,1.8,1.3,2.1,16.1,6:00p,NNW
2008,6,14,19.7,26.6,10:00a,17.5,8:00p,0.2,1.6,34.8,3.7,20.9,4:00p,NNW
2008,6,15,19.5,23.3,12:00p,17.4,6:00a,0.1,1.3,23.4,1.9,19.3,12:00m,NNW
2008,6,16,20.4,24.6,2:00p,17.7,4:00a,0.1,2.2,0.3,1.9,17.7,10:00p,SSE
2008,6,17,20.1,25,10:00a,17.9,10:00p,0,1.8,13.5,2.6,22.5,6:00p,NW
2008,6,18,19.7,26.3,12:00p,17.7,4:00a,0,1.4,16.8,1.3,16.1,12:00m,NNW
2008,6,19,19,24.8,10:00a,17.5,12:00m,0.3,1,12.7,2.1,25.7,6:00p,NNW
2008,6,20,20.4,24.4,10:00a,17.9,2:00a,0.1,2.2,0.3,2.1,17.7,4:00p,SW
2008,6,21,20.6,26.2,12:00p,17.9,6:00a,0,2.3,1.3,2.1,16.1,12:00p,NNW
2008,6,22,20,25,10:00a,17.6,12:00m,0.1,1.8,0.5,1.9,17.7,2:00p,NNW
2008,6,23,18.4,21.4,12:00p,17.1,12:00m,0.4,0.5,15.2,1.8,17.7,4:00a,NNW
2008,6,24,19.8,24.8,12:00p,16.6,4:00a,0.3,1.9,0,2.1,16.1,4:00p,NNW
2008,6,25,19.4,23.4,2:00p,17.6,6:00a,0.1,1.3,0.8,1.6,29,8:00p,NNW
2008,6,26,19.9,25.2,12:00p,17.6,6:00a,0.1,1.7,28.7,0.5,25.7,2:00p,WNW
2008,6,27,20,24.8,2:00p,17.9,4:00a,0,1.7,0.5,1.1,19.3,4:00p,NW
2008,6,28,18.9,25.1,12:00p,17.7,12:00m,0.1,0.6,15.7,1.3,11.3,10:00a,NNW
2008,6,29,19.6,24.2,12:00p,17.3,4:00a,0.1,1.4,9.4,2.9,19.3,10:00p,NNW
2008,6,30,20.3,25.8,2:00p,17.5,4:00a,0.1,2.2,0.3,1.9,16.1,4:00p,NNW
2008,7,1,18.8,23.9,10:00a,17.3,12:00m,0.3,0.8,39.1,2.9,27.4,2:00p,NNW
2008,7,2,19.6,25,12:00p,16.4,2:00a,0.4,1.7,42.4,1.9,17.7,2:00p,NNW
2008,7,3,19.1,22.5,12:00p,17,6:00a,0.2,1,3.8,1.4,20.9,2:00a,NNW
2008,7,4,18.9,25.5,10:00a,17.3,12:00m,0.3,0.9,41.4,1.9,17.7,12:00p,NNW
2008,7,5,18.9,24.4,10:00a,17.1,4:00a,0.4,1.1,23.4,1.9,17.7,12:00p,NNW
2008,7,6,19.9,25.2,10:00a,17.1,2:00a,0.2,1.8,0,1.8,17.7,10:00p,NW
2008,7,7,19.1,23.1,10:00a,17.1,6:00a,0.3,1,20.8,1.3,17.7,10:00p,NNW
2008,7,8,18.8,23.6,12:00p,17,12:00m,0.4,1,18.8,2.1,17.7,8:00a,NNW
2008,7,9,19.1,23.1,12:00p,16.9,2:00a,0.3,1,20.1,1.3,17.7,10:00a,SSE
2008,7,10,19.1,24.4,12:00p,16.8,5:00a,0.4,1.2,27.4,1.4,16.1,11:30a,NNW
2008,7,11,20,24.1,11:00a,17.7,2:00a,0,1.8,16.3,2.4,19.3,8:30p,NNW
2008,7,12,18.9,24.5,10:30a,17,5:00a,0.4,1,37.6,2.1,19.3,2:30p,NNW
2008,7,13,19,25.2,12:00p,16.6,5:00a,0.6,1.3,19.3,1.9,17.7,1:00a,NNW
2008,7,14,18.9,23.1,11:30a,16.4,5:30a,0.5,1.1,4.6,1.4,12.9,3:30p,NNW
2008,7,15,19.3,25.2,12:30p,17.5,6:00a,0.2,1.2,2.3,3.2,22.5,10:00a,NNW
2008,7,16,18.7,25.2,11:00a,17,7:30p,0.5,0.8,40.9,4.8,17.7,1:00a,NNW
2008,7,17,18.6,22.7,12:00p,16.8,2:00a,0.4,0.8,47,2.6,17.7,12:30a,NNW
2008,7,18,18.6,22.9,1:00p,17.4,3:30a,0.3,0.5,22.4,0.5,11.3,11:30a,SSW
2008,7,19,18.5,23.2,11:00a,16.7,12:00m,0.4,0.6,61.5,1.8,16.1,3:00a,NNW
2008,7,20,20.2,24.7,3:00p,16.7,12:30a,0.3,2.2,1.3,1.3,27.4,8:30p,SSE
2008,7,21,19.9,26,2:30p,18.2,5:30a,0,1.6,2,2.4,22.5,12:30p,NNW
2008,7,22,19.8,26.1,11:00a,17.7,12:00m,0,1.5,1.3,2.1,17.7,2:00p,NNW
2008,7,23,18.9,24.2,12:00p,16.8,12:30a,0.4,1,35.1,1.8,12.9,9:00a,NNW
2008,7,24,20.2,23.9,2:00p,17.6,5:30a,0.1,2,11.4,1.3,17.7,7:30p,NNW
2008,7,25,20.3,24.7,3:30p,17.5,5:30a,0.1,2,0,1.6,19.3,12:00m,NNW
2008,7,26,19.3,21.2,2:30p,17.7,12:00m,0,1,13.2,2.4,17.7,12:30a,NNW
2008,7,27,19.6,24.9,2:00p,17.1,4:00a,0.2,1.5,1.8,1,16.1,2:30p,NNW
2008,7,28,19.3,24.5,10:00a,17.5,3:30a,0.2,1.2,1.8,2.7,20.9,8:00p,NNW
2008,7,29,19.5,24.2,9:00a,16.7,1:30a,0.2,1.4,17.5,2.4,19.3,1:30p,NNW
2008,7,30,19.2,23.8,2:30p,16.7,5:30a,0.6,1.5,27.2,1.8,17.7,5:30p,NNW
2008,7,31,19.3,25.3,10:30a,16.9,12:30a,0.4,1.5,20.6,1.4,12.9,1:00p,NNW